{"seed":1,"n_tokens":128,"wall_s":695.6463527679443,"token_ids":[261,33184,7801,21256,30502,51255,2061,7789,275,50,60126,30719,501,261,74,4418,56537,37598,265,903,66,45,59256,45,21265,22590,37812,265,64020,4706,21760,261,41,54,47,54,38905,30719,42,261,5809,48,23694,6328,30659,22187,53061,22590,3339,58250,64384,11,35,7026,35,21265,269,7344,46,7208,58135,35,265,64031,261,5719,461,30858,21273,57074,63637,265,33600,265,7344,48,5809,96,7208,58135,261,5809,48,5809,96,7208,58135,265,8154,4435,265,53861,2030,59513,265,25460,39944,60534,265,1950,22590,31937,52581,261,74,40219,31296,4811,21751,56205,32487,265,8801,51272,4706,265,35,7344,48,5809,96,7208,58135,35,265,7005,21902,57520],"delta_pooled":[49.68151895929599,49.60379585852517,37.25316717391558,43.40729740232833,44.615096258465755,36.61131591882731,43.848254735042175,53.2095253619528,48.000868869570034,45.814441231309154,34.84655211429365,47.920869010345,45.47650709358255,52.80331341659705,48.56502485991151,55.34553512072963,34.614600247461226,49.06837500851902,57.53175853821339,44.841579316257096,42.452368087877566,46.81934895088442,39.08355316083098,26.139787803643316,36.67629797748974,37.65950691433769,37.852946747665555,41.143349960219425,44.85120234307159,50.238919782065274,58.444903215491074,46.13196183257336,43.57507464444885,35.81844075479664,27.724953629371818,45.912896061799096,31.550098960205776,33.40460890540095,41.10581041840836,49.76002794879653,40.54772032898051,32.64614640801119,38.13151634579107,46.18970625112864,39.60538627008381,52.605674407084564,41.773750488290766,35.74421729486968,42.743437183156075,47.63095043353824,48.08745362493425,37.54402916612012,42.056612528294046,34.96558167943313,33.767748579446476,35.511335655749185,37.33355168951187,28.74030885344672,40.34017086248148,33.98058242359445,32.431702178591905,32.7783079094755,36.120634759140486,46.55727071773717,49.13202523506786,41.10705641723781,48.54370317105311,31.905396301413017,30.336454584892266,39.610336048140354,35.001616084411296,44.37812603781696,32.39980483760759,42.12799902308487,33.77015893020141,33.81281079857617,26.4052997268456,37.7439313112169,36.44179912717348,46.52312709106897,40.883434071282565,32.306013193939854,27.87820913667083,25.171981011864823,34.15104956702209,39.13266457200833,31.65138532194424,44.659179628202274,41.6966379365332,30.328648652948004,44.47422409467939,35.73131417924735,47.889155456138965,30.94923212432638,49.351468200515335,42.77220675842517,39.41728695601591,27.873122223204604,42.904238549214284,33.81058637106507,34.00549529405976,37.81697374506639,57.51334094895336,49.90971076633953,40.56656435505972,44.9620756288349,36.02860432301526,45.46950957959109,46.72264764715262,41.14938398417588,33.071815815460475,39.26054564655308,40.834252761093495,37.488584704737164,29.981824103035702,30.143464763499583,39.942114444192136,31.568931723112414,28.61383416339589,22.93242396399587,32.14996396392849,34.79327283361367,27.503568031693135,27.3013135227608,39.839812297064555,44.76277976383445,44.79278273552104],"curvature_pooled":[76.06934669080324,62.69981216618978,59.05254259443959,65.3909992510209,64.39123402016253,61.13152083688967,74.70509167805662,78.70837916388763,72.24790082739923,63.2479587532432,64.38902200655113,66.56447719371818,75.72067309637883,78.30354877268597,81.12094766780483,67.96704674345621,63.92218116140074,83.2031507582763,83.43918132783725,66.34268318839433,71.75299141341165,77.30213863264612,45.331960724990275,45.24263057055542,56.11245010961,56.72433490708579,65.42620573933313,67.11598349602129,78.98912218965,88.76564301022738,77.96365638614652,66.39975354210496,62.35160549987334,53.80944466279549,57.53755659403733,58.95237314372101,49.18535237706117,51.54975850608789,72.77122284024581,74.0067058659144,59.0014940445779,55.12178594731751,64.86372562471007,66.14664290300169,73.35584693028702,74.35337862367474,57.34030239449829,62.702249130603064,68.42451762576987,77.0045363174708,63.04254076731033,60.454351277632284,58.0371807581895,50.55152326674897,53.55637002069562,60.8920981688136,52.01978438943969,57.34010664846617,61.59548544138448,46.960075690796614,46.37751272311331,58.576359072297,73.72380351878562,74.0284038593737,70.2730603320933,69.78672082605542,60.46130601393528,42.64008181461398,52.709152829713794,55.585371041476094,64.0931548815737,61.80928259140427,58.009367489927236,61.21517345152709,58.24946510485949,48.138297385622394,52.65178986004678,60.42671205220967,63.318160538187016,73.79329125054352,59.42674759387769,53.374469364918006,44.60235180717012,49.572953891431865,62.05164457908386,51.86006770694591,60.65669788391347,65.71631123901568,55.51509740993825,60.806972144024726,67.06962790518554,71.20330372029647,60.63400444526801,66.75074781807663,75.22098994318164,62.52336791223148,51.33977267605522,57.210977814865636,58.29224096741986,52.555917073112305,54.19507091331734,76.95493774072325,84.28856250974492,69.65087336415849,65.36036727826622,69.29339356694248,71.1463112353022,74.85861546701071,70.81194974667102,54.97131291158901,56.10935186455638,65.03531713919556,64.83949378820964,50.74955688458533,44.405094833202085,53.05487626146533,60.03063335970884,51.163466480802036,42.2199838967239,44.56991437250742,55.18743652983766,42.91335074406993,38.596232385164235,53.50355903988807,66.7581708602617,76.74206667857833],"sr_step_mean":[1.410227913472399,1.4242936704281377,1.4324540848336227,1.436218863598403,1.4427751461089056,1.4589223427244888,1.46931757065728,1.4753940281087787,1.4615436230638335,1.470187732835832,1.4754192982222332,1.4795627655005104,1.44270847860185,1.41687006302418,1.4250001082329309,1.421778494539345,1.4498658337569656,1.436512505589933,1.431244842748309,1.4567346554118528,1.4681861138838974,1.4604417408329973,1.4675057611709856,1.454539676078636,1.4572406451437636,1.4527974069141452,1.461094208859363,1.4568637866111118,1.468462277156564,1.4664607470231452,1.467976195335224,1.4359589269141309,1.4235774830339978,1.4418312823573778,1.4380499558803417,1.449651640753354,1.4616419872590052,1.4624079321250392,1.438479180656681,1.4120131888574246,1.4215958767717387,1.4312393832464239,1.4455229094766482,1.4461410124095933,1.449918121521896,1.4460979455340792,1.4524055389894042,1.4491375314077768,1.4518813848288736,1.4619876945565957,1.4711297987366272,1.4612161152435703,1.4470199013576128,1.4523501173092368,1.4516545488852646,1.459928518494671,1.458238414440537,1.461332366653118,1.4652875115233324,1.4707921764268488,1.473215135220115,1.464277316856304,1.4615605295842586,1.463489756192538,1.4328746660496103,1.4384702975528427,1.4471193332085877,1.4515367904409882,1.4428668688676816,1.4485526207449626,1.4544923060952655,1.449527170620142,1.4447819172386034,1.4444912652928297,1.453257061018885,1.4596354666491027,1.4593169531417935,1.4623780203842875,1.4684741097136271,1.4710721215499307,1.435938391008831,1.4232692426308342,1.4301365603980907,1.4342506890973155,1.437693095518956,1.449781751217908,1.453758934836345,1.4397065022174067,1.4451530140076594,1.4414435160356802,1.441367268708839,1.4603263106746764,1.4568587561019195,1.4622571252486427,1.4643797333242758,1.4630774690446586,1.4658044723005788,1.4695514901697375,1.4696415555998892,1.4706436450273432,1.4658162939497574,1.4759192007830473,1.4798968839264257,1.4332956792023956,1.429138753338177,1.4307560595894377,1.4326365776867673,1.4241961218274009,1.4348023119422055,1.4516523501824012,1.4455248460518202,1.4414016178371039,1.436281835663934,1.447722456835906,1.4426485855210627,1.4425437546720195,1.4447988625456298,1.458386115450432,1.4648445623440842,1.4659295760221944,1.4685201120237232,1.4776977777297537,1.4819225745968925,1.4665213571446925,1.4593565179100907,1.4595548862695595,1.4682936685667374,1.4707157137547047],