{"seed":2,"n_tokens":128,"wall_s":672.0734386444092,"token_ids":[11,0,82,59,55318,32298,4596,4154,71,20527,33944,308,40219,31296,4811,31223,4588,39934,4600,21273,22752,4811,55961,332,62546,21265,22655,42004,32298,4596,4154,71,56716,47,11,5936,51668,45,11,84,50,11,125,359,11,66,284,11,125,359,11,67,284,11,125,359,11,68,284,11,125,359,11,69,284,11,125,359,11,70,284,11,125,359,11,71,284,11,125,359,11,72,284,11,125,359,11,73,284,11,125,359,11,74,284,261,74,31059,32234,57195,32298,59,11,84,50,359,359,359,11,66,284,359,359,359,11,67,284,359,359,359,11,68,284,359,359,359,11,69],"delta_pooled":[76.4901080637549,75.0494969022783,64.81130588085244,57.5039570321742,40.88766387790871,46.193443501519575,53.60551259622063,45.84508409792342,50.69520604030443,43.87848715388759,54.39021122940302,46.992081022959994,42.35540460508286,33.73602764008751,47.59008606995115,42.72440925557926,42.80700267521822,36.88096349029624,32.057178216703996,45.536488714611515,41.98066144276011,54.793422306720316,41.44460247526753,42.761765412434954,41.02817235275319,51.519486554067136,49.49297369136037,43.83270748119629,50.91697907059663,46.70093625742531,36.13209622037828,29.042253735351228,48.409278824235834,38.28790587767526,52.614308437881995,43.48457448445667,24.438423601794327,41.88251485654375,47.95335619484604,31.63936290286656,43.24691357527838,43.72015978629714,34.306805663263454,39.04287900292626,43.77113628460306,34.37600287578865,38.60482662039596,36.730723768850666,26.34979722999986,34.98357745203445,36.40581935136128,30.390581458639275,37.37109384285537,32.40454524493279,24.18011745266269,34.85877858367247,35.74743020637709,28.351661928954314,34.05069957824433,30.289224969765375,22.958238879527073,34.67918047284062,35.939921928585626,27.464268449834364,33.47941979544457,30.100933536793804,22.350308278599208,33.46375169118924,35.46131892063899,26.351390801667577,33.097244089829985,28.65783046406331,22.093788377751732,33.596214033435984,35.12836097966348,26.250994339798137,32.44155743631616,28.128883970726122,21.833325750582443,35.130553019962356,36.99084592352652,26.290719357829797,32.140860064628555,27.16826996856954,21.985449052883734,34.617037318274,35.134566723586445,26.269432529465544,32.30136102008565,27.20496462325381,21.86598872183856,35.81726874296675,37.47669776802271,26.836444787396776,50.86584400894789,50.62899010033808,47.09933211173491,43.89693315641822,39.574115754000374,28.07900260081517,42.84998006769687,38.16348292787447,39.46550228766497,27.04910246545179,36.893065261095806,28.582850433578518,25.682673975421157,47.909277487681095,38.539562927830076,26.75387077833025,26.058925920179338,21.812976974602886,22.673488357752912,40.61139068579902,32.601647781337455,23.302344792643023,22.178367168244773,19.03125733496041,22.14650108094369,38.64759856664792,31.040596444022984,21.215200893940555,20.007370847023754,17.394405505837284,20.92779401937022,37.41713076825088,30.559796923287745],"curvature_pooled":[120.77545485077869,111.29411217001548,94.45162951795798,72.27043614627996,65.30232791176064,79.8342888254354,83.51066658297475,74.85094917121977,84.82987517754854,80.09877242168865,76.66886278696828,68.09781036445872,61.90002961839187,69.82152382568,70.5456893513921,67.63545399286387,66.34451091634872,49.57718531261059,62.736756913611,68.93310520841219,77.98541923226705,74.24896669411953,62.8851030090865,64.83439239164935,70.5207303328402,91.45321528727223,70.05652648097325,75.37897338384832,78.5894414380807,68.50983370906374,45.96592255137486,58.46518751330674,61.3915569528018,70.46417156204714,83.28866186999817,50.20620759116297,49.46618271186863,68.87952485787042,60.05177623961783,56.34044963532972,65.92343203152186,56.0232746846629,57.5419540068845,67.36500195624237,57.77606033480693,58.75215124661609,60.17646147763538,45.0365754492196,48.91250265305537,59.211220134500344,50.53948049179103,55.18680128879853,57.98930699007602,40.37221471787534,48.52761764680312,59.494690039895225,50.49300939451981,50.578084283107266,54.2916680395777,38.341332185820654,47.75576771130508,59.683175098073995,50.07040163177992,49.76935398669288,54.42537365975069,37.46559816624555,46.832718100551276,58.55203022883982,48.96943885299707,47.8566683103472,52.589534245601875,36.42845992318024,46.412837684005204,58.43628906432782,48.4523234212162,48.189430753001176,52.228814638570086,35.577921549476336,47.7763943788463,62.65306883295823,50.35714023007997,47.381442205205126,50.75703834265224,34.96522305643594,47.46537285107343,60.069994126911276,48.63999786871889,47.79796735802859,51.33351500882434,34.85820587176829,48.701751823549145,63.31086988598011,51.67712173575233,61.81510011981818,81.13163321537667,73.6954378916791,69.86241536402105,62.1132871064271,48.048048718538766,55.03847319289082,56.08129159565491,60.23026672501384,50.87193148591113,46.11647446203485,47.817052444028164,35.858426248378564,60.75377071427876,70.38812062702358,49.59683020574067,37.99446541150245,35.00401754871634,28.78379900838718,53.20923775527869,60.64089929667033,42.994500003728,32.325362378981126,30.87617909369895,27.12948436088304,49.88557478259805,58.87712140001625,40.34057316333973,29.1425080582388,27.313442843930304,25.759387450799995,48.43442897621809,57.451294992046776],"sr_step_mean":[1.4162609834700657,1.2511169886556939,1.2813682311000523,1.259031760529106,1.2683807692887195,1.2684540232985715,1.2623938547142384,1.2834570725894137,1.2982482181764896,1.2929332569028242,1.2865186588423534,1.2726703535464716,1.271335494971516,1.2726114455051591,1.2653928155502758,1.2763210605783624,1.2778205450624285,1.2805894944676959,1.2852178896858226,1.2887486834733057,1.2954912309849378,1.287919215908232,1.2947308472691714,1.2905743632455924,1.3120638919665035,1.3240389401594415,1.3403901435725907,1.3427495741747242,1.3295627016637632,1.3245400572458095,1.33165120428769,1.3346160527994646,1.3259112474214831,1.293159151503601,1.2836013878141568,1.3050126715534538,1.2956842232987595,1.2837964856730888,1.2800600474574522,1.3115529732161004,1.3216713495426016,1.3197415815148612,1.3240233549319635,1.3335540295325747,1.3308663729086618,1.3460575324370005,1.3514351241149474,1.3395048381402834,1.3403784886034151,1.343116946594254,1.3405474304302258,1.354153408256198,1.3541664245820337,1.3426135321694461,1.344319843126063,1.3468152816926489,1.3445570204439246,1.3607984350781834,1.3574267077449962,1.3477509807886319,1.3496769804055708,1.350754923713116,1.3485240913416368,1.3658332707978158,1.3618529863711053,1.3512888043117988,1.3527141112011751,1.353310560037537,1.3513558823575351,1.369225556367421,1.3660920581298874,1.3547354083651222,1.3558256339545034,1.3563887639649304,1.353848792671572,1.372213160837642,1.3681749289820468,1.3567469459023735,1.3570526645410725,1.3580149737089051,1.355024765569522,1.3755857665950997,1.3711510456987683,1.359213160835157,1.3576234338581032,1.3575856110291349,1.3550226962980754,1.374593341495059,1.3716590209070378,1.3598026445964064,1.357765922795256,1.3574420095960102,1.3556153820069055,1.375671451704678,1.3714668001998567,1.3437288447452167,1.3440219142329166,1.3342858594456322,1.339278083973358,1.3496044631609598,1.3432569645504862,1.3238248516206037,1.3107200950741817,1.3331932806131228,1.3364876921025364,1.3418277817115365,1.3406980120384915,1.3439051534877082,1.3428253957735994,1.3549351821139248,1.35535378105058,1.3565117184633264,1.3556881395107643,1.3559643579704224,1.3500658073747955,1.3617723126999908,1.3597689028934419,1.3577837828121695,1.358598236339896,1.3577853301922278,1.3505835223090565,1.3633052085512645,1.363035085528284,1.3617349882352234,1.3611704204322181,1.3595094284194313,1.3521993080545418,1.3657012945659017],