{"seed":0,"n_tokens":128,"wall_s":693.544723033905,"token_ids":[11,1500,31834,22590,38417,47423,21700,4419,45873,52265,45,22799,21413,22681,22590,31515,38380,47,261,6699,31515,60126,4596,32515,47423,56428,32234,55975,38417,47423,45,32487,332,22525,26157,32227,21413,4435,39679,4596,22590,47205,45521,47,261,48790,59,29894,47423,4600,21700,332,32355,32487,332,29904,29844,21265,29904,50409,47,261,1136,31370,37970,45,22590,38417,47423,21265,22590,62597,22525,35016,21413,4435,39772,51035,332,47289,47423,21265,22638,51630,45,4788,32234,47423,21800,22638,22525,35016,47,261,1136,332,31835,46,36017,57163,45,22799,22074,31506,4811,39995,22525,35016,4706,32234,32324,47,19907,51668,45,4588,22799,32462,53362,32487,332,3722,1243,31296,29609,25530,21265,38128],"delta_pooled":[55.476282960992286,53.00395044349959,42.16275885007135,43.25161365918719,31.283412086612284,48.71706169160974,43.85520199060692,37.303753156393846,43.14230237019977,47.23034069323955,44.60158178715399,38.69056329177988,45.287471184576226,38.04174281197473,43.0931243132406,36.80990418556146,47.42454773780725,51.25682274256939,49.201819858707175,40.599075794014794,47.970381533935274,47.48104797600646,41.87666687516482,45.14025376101109,55.42227804325695,43.918939183172164,34.19922063534949,35.28859041647673,27.21456534859743,37.4041556362673,43.446614409593046,41.41825302506142,46.29372423328016,40.971126262810365,43.84830607952325,39.52872994214142,38.21909060989343,42.601951203800304,41.928876170128184,37.88399449564409,37.93781117572865,41.29857669139685,52.03719049284727,47.553642987986585,52.05672277445565,43.68234331764079,50.487615596207064,43.28527750679433,47.99940328063353,47.93701732382817,41.263047541249115,44.944245199686954,49.11113316382961,34.216189279476204,57.60619000863423,44.55973978815886,42.46064899816418,41.6436247113423,43.40401629823036,52.309464376560186,48.0319275999381,51.03146647040544,47.86331525867125,44.281839194526775,31.430792464272884,42.04634648669253,41.932943356499564,33.469713150701125,47.126279368553625,29.194199693390683,34.88862463118231,40.11144097277246,46.757522613982125,44.09192814856013,42.40358252552753,50.06466961356903,50.00374395303942,43.84121507958834,33.74267408943893,38.345751340724306,41.23252498781584,40.425888971700985,41.441590237957136,40.03637530973869,43.11406328633763,50.46258280535514,41.4563917532725,51.16525317204834,49.97660912365512,40.192913006298284,42.2704473529466,50.506824650086315,43.49385781992875,50.407306950281395,44.226700114709494,39.54821234383068,32.688893071579386,36.99344192052953,42.20401279511803,41.45161490940876,46.417159031161454,33.531580393777055,47.7796216222745,40.14197179338233,54.89565074187839,49.21955264246169,45.693538450762965,42.3775240971301,42.976375893921684,38.96326735793031,51.74036481118481,49.09156638029557,44.130790062928476,30.296487123975883,38.73346121987266,46.56554569838731,44.04863306750953,44.114653342997386,43.3970321594641,36.69116505007802,52.151187553897465,32.71241254605986,52.27073183978473,57.009143796127546,47.407688358258206,46.408990377964926,49.57239282692927],"curvature_pooled":[84.75591869134912,71.22524932688806,66.25227408264882,53.04293267515337,62.91017914349325,71.11561038282333,60.151044579474195,61.06405012631049,68.88335694743755,67.6765481831305,68.61124843722556,60.558802702017154,63.097936829236446,60.394043931966515,60.43614735254297,64.24586065786954,74.59226152813223,79.10742709972477,70.28131701781265,68.1293405008251,77.90715211637612,69.33251635076138,71.69151935260402,83.38298472422304,81.57710565947365,60.7216650430228,54.26103475993614,46.18788878539107,47.20111337019363,59.0825616616494,65.72000698377748,67.70765016031636,69.95144771254911,63.56842793445448,65.48077536049216,57.20962075897473,64.84786248588432,67.15013052403715,60.71816431784399,57.15082298357592,62.77549199205713,71.7084924128113,75.23711263870034,76.18217000857668,77.12895145063003,73.10027902281125,73.17873067595256,72.46674731816093,73.45571815804307,68.89732048039613,66.71481721871994,76.5027841746176,66.98267945805736,71.55904154222559,86.04837957830983,65.69491245307799,71.37609463793233,73.466579214458,76.12844752631241,75.70638248605927,77.35128430601796,73.407479877575,75.88541633038791,55.36012780325189,52.677864975813904,64.67868287893977,54.37165763627936,64.93253513017135,57.09352282521249,48.68610956525825,53.663225662487164,69.87510029191704,66.83955673938435,62.10468489967364,73.99860060647147,82.45307525622175,71.91214862545887,60.420669949654126,54.13840756576029,64.80034037414232,66.73537582858395,67.8216696584141,62.22014415085003,62.43307328904262,71.26166872653496,71.78260498670922,73.88955592534604,80.91135688464969,70.74602857335707,65.60364378773731,74.64058521821487,69.06662650302538,74.18653438416283,71.23832138114666,62.82836366941013,51.36077140647946,63.446918208011574,62.319945867043614,63.257022660478356,69.33747074034324,62.19800077550951,63.14595723215066,79.45560756991338,82.86155013860572,83.0296579640106,76.24850178489054,73.70381849001981,67.48747882508454,66.11245045488695,70.43983274670167,80.23927459086896,81.00552951408287,57.87603136698981,50.24502153378244,68.49323448796348,75.70907335512668,70.37222602539661,71.06120441079266,59.86606720796225,68.5825088836447,68.10327119155203,63.8090705321706,88.46577849797733,92.02053055637444,67.12114287975432,72.03018605618006],"sr_step_mean":[1.4162609834700657,1.437192438032324,1.4550954891578465,1.4452483349464782,1.4562681453726665,1.4514213882849187,1.454610343741704,1.4516368847198569,1.4662362431417442,1.4812357657742972,1.4689067551276678,1.4617433843826773,1.4584126622635445,1.4602574310890553,1.448965620497429,1.4717350874338413,1.470836573225072,1.4409945580441461,1.417821336169227,1.4089178730399843,1.430933200406438,1.4451137854885225,1.4534279947028657,1.456412345615248,1.4564277632705493,1.4445744067922772,1.4416661626773868,1.451194286420818,1.452227269020584,1.4441357274192486,1.4364663273723073,1.4389572288828045,1.4341978922520708,1.4511952366336403,1.4613080822487021,1.462316946604061,1.462727680318601,1.4644586523574554,1.4754734074731974,1.4718637541805901,1.4708344243725244,1.4795148476721138,1.4812985785111408,1.4414528796149764,1.4175922333834439,1.4493929731345387,1.438313395860798,1.4413713950180638,1.444859852772159,1.4472509102909574,1.4547477997736573,1.4494713204380354,1.472170761312584,1.4796076096782256,1.4680450731691854,1.4921823700894368,1.4863026849048457,1.4852568183282955,1.4991526127376085,1.5008026519248239,1.4704107227265002,1.4331401017099665,1.4373636608749996,1.4432977469696684,1.4426374948543703,1.431643783954325,1.4260073131835445,1.4455893007397715,1.446490506794455,1.4532955016800715,1.4469898439997255,1.4562268263206624,1.4642401243497014,1.4723270013694503,1.466569414626112,1.4562344047480706,1.4714344125487953,1.4750681649167081,1.4652792075910328,1.4676406858703839,1.4640954078231074,1.4668462953464247,1.4723546512398975,1.4730160787453908,1.4632749043452098,1.4605566111446098,1.461411526624876,1.4604653878008216,1.4672616328173413,1.4732857480484842,1.4740735790536423,1.477763960394473,1.4414733257573238,1.415981389159345,1.4288489614043642,1.4269178388246082,1.4491538097034073,1.4510584181948403,1.4588048251936796,1.456618106595939,1.440714346519835,1.446975015553712,1.4494106431301554,1.4562644346524891,1.4494925764971434,1.4603287157009681,1.465220094335087,1.4756742049228413,1.4746346045627419,1.4745528758329813,1.475558627772988,1.4415826496022088,1.4555681788756292,1.4494416351420183,1.433940946811117,1.442934582743409,1.4534096219131818,1.4583237927565722,1.4732239556478703,1.465113518315363,1.4556772448223194,1.4888216341899094,1.4928172628432173,1.509528629469146,1.516229991199283,1.5125916712222371,1.5030550250781778,1.490946048039164],