{"seed":1,"n_tokens":128,"wall_s":768.1841950416565,"token_ids":[261,5585,41693,59,4255,60592,22590,31254,51736,52238,4706,22590,32355,460,55447,30917,22590,38417,47423,37837,45,308,56255,39936,39815,59,11,5201,284,47,3448,48659,22590,38417,47423,520,11,74,55506,22590,47423,4450,52411,30719,38417,4423,332,47024,32487,57074,45976,59,3339,46,331,26082,97,22916,331,34423,97,3339,46,331,113,719,96,2052,97,22916,331,53924,96,2052,97,275,24246,4596,64485,42,3339,46,331,58461,96,2052,97,22916,331,113,719,96,2052,97,275,48581,52097,60650,42,3339,46,331,34043,97,22916,331,26082,97,22916,331,8772,47,42285,96,34423,96,27200,97,3339,46,331,34043,97,22916,331,34423,96,27200],"delta_pooled":[48.55313265998775,41.98746269642629,40.389930760790755,51.59433359004044,50.18094481421502,37.82235149731598,37.71936227594253,32.86342851097069,36.46107508172173,34.89504851222489,28.200324001948935,31.173305559773816,26.65770383990136,34.48005570533263,39.40193974467077,30.581295613821794,29.68625000009045,28.170791281202245,27.154673196917837,39.856487153580794,38.920493607344106,50.09643898158732,39.766013975477065,37.10174087894139,35.7573083895111,34.49113842404996,36.162681530351264,40.98567972430853,37.17219909035433,16.768640095161363,37.10675041647247,35.26610660099078,34.43635373037403,27.460643446306026,35.98864364053,38.287439786693575,42.535483417852035,49.321762856389036,36.78957961570452,37.59562908248958,42.36435616366975,43.10098231289991,38.494995311957524,35.20629332929779,40.92152673771391,34.02888713676112,34.50623553717889,43.42662354593871,34.81518628621135,36.76558960128293,43.27529336791298,41.16047602957853,35.002365430240324,33.441360637710865,42.72985018626876,30.475601867605118,38.19065493827111,30.68100659897261,35.716679765110634,28.4618815901722,37.1828892810473,31.967179557151077,32.212786082246666,35.976206594571075,27.38350992139616,21.001408383297772,29.34827936043211,24.808172842916417,37.61560940551238,26.003396148320974,39.411631619517564,24.583440912914103,29.105714064282253,22.22820508306428,38.57635620370284,44.342000433534224,43.886081954960744,37.5505102591561,30.270011211069722,34.26880350264106,31.386739276166683,34.230888640800586,40.441853266370096,22.43448038338088,27.520864093791072,21.63871965694977,30.039363647519075,29.562492549943638,36.5206689864079,24.82427528739647,18.95687068955274,26.816933118313624,22.913558199811185,40.73054670401337,38.91078221126872,32.33130298584541,24.38732699992599,31.723955813374776,37.39527121577733,32.63800183776347,32.21977448297835,40.32267579524427,26.578393365692932,28.378566205098952,28.665859425103083,35.871536114721735,22.82099042644885,30.230679080497286,28.99413229174274,38.194644240954915,31.319672407082788,29.717472406738313,21.739284693032417,26.817205360510552,20.223960463529487,29.724226363965307,25.268488768610794,39.32013267760998,31.35537190239548,33.130010868931485,35.667744634690926,24.093242120009002,23.737629335295683,32.216355567243205,33.88972262995366,22.223646817394084,30.35842324232417],"curvature_pooled":[68.72184328720253,67.72081596779907,67.5603822857511,83.42668773323138,67.36207932570599,58.6612945226376,52.788111846068915,57.28758092785917,56.83368429503463,50.750413009445914,46.48653650954578,50.468362104687465,52.59210714620522,62.80694758576385,58.10918180824315,47.169814060348024,43.43282414020169,40.506716545439104,51.16286001161723,60.20340412297281,75.00934708651938,73.34753074198896,61.23901866916019,57.1010277916679,48.72190938601325,55.520717529354826,62.03198850479342,70.35691559071863,36.75029725117572,43.51765502868422,54.42259248730449,56.77823546791861,44.89174709801507,47.680104223378265,52.87592720412103,63.83516540756696,78.00543095036423,70.46323656571617,59.394362405105106,64.76631973077042,72.6538655668208,64.95514060063114,58.16425716358908,60.45856945897072,61.89484280744412,56.400823759418095,65.47535898295342,64.59613401656087,56.132813349944215,68.0151577275223,67.77554528180906,65.13160443870227,50.69993101427715,60.756042099757934,55.34573609295109,49.047731263087016,53.24367665642904,50.27162501829552,50.05352187244791,48.49935459017216,55.90958298189682,46.65923834710119,55.26013457663163,48.89552065759364,36.63931887991379,42.936360595147875,40.93455871086504,45.6369059969183,45.89402363388717,52.4759566121889,51.579027618476225,48.098026386598015,37.045864177979865,45.57260743108315,69.66325638604141,74.4935470321267,70.74302598792113,50.60892482436061,43.12837672832671,52.270444672022315,47.461755197028594,62.39846388339916,51.43096218207418,42.5985418846423,37.4614985582688,36.232112914851506,40.547975872492216,54.44531329759997,49.539598649939464,33.83640550664269,39.042707834961284,38.05890544450996,48.808219093379954,63.57020654376145,55.32222183021572,41.3278931018159,38.73166851883119,47.53411963570469,56.53576507399261,47.073482639565285,59.88307175388718,50.89673284894943,39.06997643111552,42.04717710874045,53.95007991927423,45.34353838677576,37.91677935058648,44.06669471107343,52.66558913848415,59.6808188151427,50.985086751287184,42.38622699395182,43.12187835929724,41.51565298877039,45.286619055464115,39.74686966482165,45.7421050794764,57.21452805153607,46.89223930560628,57.84580737015707,44.45387504198338,34.19429474180633,42.957314694096695,56.126269378161986,46.445598172237105,46.364032135208774],"sr_step_mean":[1.3909601384111216,1.3969609960098806,1.3982077927953798,1.3817269569427628,1.3883761002839472,1.4077802148078395,1.400704151239345,1.4110344157781547,1.4223911783454846,1.4203032761689938,1.425043161343942,1.4185639289401826,1.4239495933627107,1.4307358253624602,1.4277951151686796,1.4261099766238203,1.4173424113549649,1.4254092709736936,1.42133541764841,1.4238118253841765,1.4079930732162342,1.4063087394710807,1.4193496410144528,1.4223166616568834,1.4176719455174158,1.398827546911358,1.3877182564916313,1.3865111634569012,1.4066607958761141,1.3887364002997187,1.3910837372321276,1.4104258373000296,1.409645467960163,1.4179171742102306,1.4161221678270361,1.408280803842878,1.3927930080283613,1.3999132304874715,1.4141718936143934,1.4074808404215415,1.4134955048591695,1.414684544898467,1.4215498923725247,1.4325387378920131,1.432146819278069,1.4434663536596466,1.436253546451774,1.4375591304893176,1.4397972388158184,1.440940595556051,1.4414659651039372,1.4293626233590195,1.4274028600280506,1.4197639294048878,1.4169577735849153,1.4428909847531834,1.4404702543690633,1.4421703065612113,1.431032411235968,1.443388778757113,1.438542100025827,1.4298167251903955,1.421514520079505,1.4190160276179506,1.436496532784304,1.4468657950997992,1.4510885559979538,1.4514417407497795,1.4494418647200906,1.4475656326393331,1.438996032987764,1.4523718876317027,1.4618213349323252,1.4543274379580602,1.4482263091323775,1.4451363607675767,1.4611172531090018,1.47234930241855,1.4696025990561876,1.4543432936252458,1.431060768396226,1.421946821104581,1.420681082886064,1.4437847855027242,1.4523761148126368,1.4530344775956057,1.4499788585190636,1.4468536551986022,1.4416795307326937,1.4509800803301536,1.4610251957263307,1.4673309200536797,1.4618508617356272,1.4553325888021111,1.4582202897426917,1.4677369702334104,1.4716192026224553,1.4658956789183144,1.4519397998748156,1.4294682403997128,1.4242869271886063,1.4234191297381624,1.4418759062085995,1.4443879079336739,1.4440964100962723,1.4372708389437996,1.450017567678507,1.444987072451154,1.444900538670853,1.4414454528781437,1.455118941661475,1.464092890602733,1.4676984568729743,1.4740426037355103,1.4678562622435158,1.4735387145542254,1.4721211278037716,1.4594746774390142,1.4358985581598205,1.4288995043771324,1.4243436455501912,1.4460808787441815,1.444532885282017,1.44210547323921,1.4377913081562026,1.4453553814446105,1.449691467863721,1.4526678950650969],