{"seed":2,"n_tokens":128,"wall_s":669.2219927310944,"token_ids":[11,48666,101,55331,275,36021,501,11,35,40313,116,22590,31254,51736,52238,4706,22590,32355,460,55447,4811,22590,19353,38417,47423,45,62058,21273,63464,62267,45,53238,52097,45,4715,45909,32227,53057,4419,56425,4600,61857,47,29069,41785,21273,63464,62267,45,53238,52097,45,4715,45909,32227,53057,4419,56425,4600,61857,575,261,5585,41693,59,295,35762,63,11,23976,45,22001,460,47492,32234,47,20996,32355,40162,332,22226,46,58369,45746,30917,22590,38417,47423,47,36682,45,308,31506,4811,31324,4424,22590,45909,46450,31077,47,20282,460,31307,22249,22590,31580,59,11,50,47,47797,47,34467,59,60347,22590,51098,4811,22590,19982,7541,98,59441,47,11,51,47],"delta_pooled":[49.43176786107771,36.23388369453016,37.66718862097613,40.77976360211226,41.41114562233961,42.73411772290228,36.33808118292652,30.25405154012319,46.490091639103206,24.618360232748334,32.01342861865283,35.99563505595967,33.9122826490226,34.67633032043738,31.759743870084105,26.836304848167654,30.959791212644376,25.251267077916314,33.49301779463027,42.414749577486354,30.810047673008224,34.97365705942283,27.306350339944046,24.304905746507433,39.82762359805338,47.77380720813054,35.42453786207754,37.50222128258053,36.1878233953463,40.26328336436139,38.64130421217626,33.14671233339031,29.411759554469793,26.63888591098154,37.00743136768328,33.46657254109791,42.400093034666675,32.51685425393852,31.932167693990618,29.501366692380763,35.48557116944037,44.91290208716019,41.92272710556456,44.26765084669761,31.953793814132325,33.31211942330919,33.45112599002687,36.02864063309948,29.866805744563873,29.430449963702184,24.113858692080345,23.502955822623534,32.06304330211783,30.418554299669502,34.13122339333464,27.354891888498084,27.52759461230576,25.95515703275549,33.37141074926781,39.797483081655415,43.27389024977666,45.73285993904112,40.14846457511321,37.69041629175592,45.78178521940006,51.8574301424604,44.277337645524774,28.463765094936175,44.84500486411671,43.94158798804245,40.494042977297546,40.27137638066059,41.60911856477469,37.09454626394057,40.93988335330134,41.86525815845252,42.84718391764361,49.681168395464596,42.85026729843548,38.59057726250097,24.46355892878794,40.669811870715556,34.344315929737604,42.9535867976977,35.01845467510325,31.930257175538667,27.80302624860651,45.48942310330656,41.06327871394038,29.366546175376303,32.83102842965886,35.666116275468084,34.365794104439914,39.51779440828797,34.733996283833314,35.81619163822825,39.56533892888399,29.691813743038026,20.903416191999526,40.086423176143406,40.45896904407541,41.57389489726112,41.237243398739594,18.193560941058752,32.43697217142397,35.31344362399627,40.9780599269529,34.13593001629189,41.19849624578682,37.71042346949467,35.85100802968983,27.95626769711314,34.37734128291567,36.71796663732802,40.44525166562893,31.732066887452575,31.003629132596192,40.19714545328451,28.12565191750252,44.188130003963444,32.82322305618684,34.48945746943338,30.320720101401903,41.58516883672044,37.258148905138235,30.616781483695537,35.646224247932345],"curvature_pooled":[72.10111041433697,53.300748530811305,61.568896010203275,68.23012660010197,70.77681594149863,54.545958456389386,45.24644980938379,57.23235951016373,53.25398009752563,38.88731709117986,52.70529465527708,51.630058075989325,55.20677960143857,49.61534130528937,46.800060772443636,45.01438182574225,47.71364452379833,50.29797248515185,61.459064781057116,58.39605955359574,50.13204008299224,47.947792901432905,37.98471223714028,47.85598911027543,68.06117112143907,66.69584385394468,54.664039825935504,60.020713677684675,62.134945587553894,65.21284337441406,60.314965328455415,51.89703211698147,41.78278103809384,52.105885806475555,57.60404237612407,60.86125254803151,62.336855097798654,49.0167484626848,48.33207929648252,57.1526948795156,61.97817276914299,70.32180628348324,72.91801356054754,60.26504858545918,50.01893028700992,53.03854947177175,56.34030566569269,52.9049091192576,47.71952205141503,44.37368673950072,33.93876340499403,45.85952964096094,51.32670806040668,52.19683326610718,50.66358599768206,43.675151350166225,43.14634984152591,51.25374092701308,56.51921474258812,58.15183907012933,71.05106367900908,65.35536985275957,64.0652217137015,66.23009093566333,78.58872158681844,78.46763837224617,55.607044577550354,57.10280727683602,72.6848940170567,69.5386610124447,65.15652652419237,64.59154326059252,60.938721445148,66.76588819138557,72.52781445835889,68.48070620662932,76.62303232066793,76.06851862410853,62.89095159425895,46.59746337570395,53.29017346152524,58.1486306976835,60.469089403380494,62.73222151596374,52.21701991054551,45.82239411325099,58.441607158266876,68.24491402020305,59.64561178855895,46.71425195804478,59.0647487133036,61.49122076007557,62.251685166187286,58.696307847647155,51.35766036114407,60.83784772040321,51.40964053507719,38.60558448265319,45.50034980459509,64.09473138061789,66.59049173918056,68.42419774205328,45.149555825717655,36.24271642267282,55.594359863129846,64.24257907627609,57.569329860546155,57.6152216196158,68.37011360672759,60.16421276121938,49.148440710595644,52.61398362157306,57.21120669616789,61.157330447227196,52.60552869815102,50.37949302384199,58.20643502418324,55.08140908727117,56.0481156546426,64.08024499687157,50.03006430811908,50.63622194368913,52.44474429554848,59.56083251345103,49.59045871439765,51.53087223736258],"sr_step_mean":[1.3848049919371646,1.3999484963423174,1.4084820785955536,1.423197240402196,1.406549060081173,1.4242424038490171,1.405412812663367,1.3791349150067038,1.3704837822453537,1.4007501304349244,1.4080315148872729,1.4052190120750074,1.4187626389207237,1.4326445493379394,1.437963125683771,1.4459375762966216,1.4432421866599905,1.4456009908222212,1.4526347320468058,1.4510208589735052,1.447083552574845,1.4381065410982918,1.4457382070029474,1.4468892043027646,1.437448544917095,1.4284989053352113,1.4403053148997882,1.4455732148995535,1.4532162476517783,1.4568696127165486,1.4421301785690819,1.4506427078467234,1.4553421953851833,1.4427503536416586,1.4547922557349544,1.4582801186777739,1.45873956955967,1.4592512525421777,1.4579143749577785,1.461306005431658,1.4718382999407036,1.4593051557102183,1.42701609140741,1.4314739350899457,1.4379872634036486,1.4391399258564614,1.4521580145965085,1.4590547771315796,1.4521778622957326,1.4596558700334683,1.4630352365179646,1.4545288643551746,1.4618436678882183,1.4643296620342356,1.4655608435499374,1.4597506539033975,1.4630186527169426,1.4645937621182867,1.4751914440389013,1.4634665933994289,1.4291651746292355,1.4078938314027825,1.4097406461729165,1.4101488413538161,1.392641380527851,1.4078985698479736,1.4528525158748957,1.4447617512303477,1.4394868716222922,1.4479492184560574,1.436518889936676,1.439027459114752,1.4449450187554211,1.4364334287789713,1.4402234756567516,1.419558330713019,1.4113866732980582,1.4207091321938587,1.4288013841943474,1.4259472594987874,1.4333310344523984,1.4414139370863859,1.447994948263582,1.442941714546573,1.4464531410243053,1.443437926299125,1.444676367853346,1.441790999702409,1.4266736988321382,1.4351259896307187,1.4281042814804472,1.429902483044195,1.4354556480976273,1.4340458138148604,1.4319084303457892,1.4310942506543436,1.4315281182962192,1.4370147961530408,1.4409961468352914,1.4424812797117939,1.4325899110474467,1.4400456666025307,1.4509597874519746,1.4543704019284507,1.4506199910905337,1.4462837543239238,1.443239618139982,1.4326889099794877,1.4222876146771677,1.4348884239746855,1.4271383040629975,1.4422227991859142,1.4470506946435113,1.4608717545576893,1.4557885229113185,1.4622648754849294,1.4681409271051271,1.4725291770543294,1.478347966361085,1.4728360285786823,1.4761017263502707,1.490923649446713,1.491045792957447,1.4749002051320694,1.4582341995714383,1.4451446613206071,1.4379238914969068,1.4351822369242357],