{"seed":0,"n_tokens":128,"wall_s":817.3415122032166,"token_ids":[11,40674,46731,22590,45746,4596,22590,60534,46028,45,22226,60126,31323,45,56254,4712,22590,38417,51929,47,4066,61535,64392,45,55789,45,4715,56191,62453,47,261,5585,41693,59,295,35762,63,11,754,35762,63,11,61,33914,8778,117,63,11,6699,59725,38417,47423,56978,332,59239,4706,56425,55447,31601,22590,31636,3485,49,52238,47,28812,31300,4600,46891,1843,32487,22590,60655,45,56255,4450,332,37909,53060,4706,22590,38417,45,40186,4600,61649,30917,22590,60655,47,11,43,3340,520,40865,520,28352,43,3340,520,634,59,620,59,620,520,43914,92,7026,47,34467,94,326,8028,2224,94,326,35629,47,25382,94,326,8110,47,8110,94,326,35629],"delta_pooled":[43.089528683827474,49.10236691852252,45.358744862140455,38.87711496969335,43.522520816366345,35.663896085402115,32.13623205264823,35.92714882434384,32.785722184763365,40.96130825973008,35.20191641102099,24.031339432401058,26.86517666059139,37.24330363303559,37.933400572847404,31.286797858939256,34.65641039211412,28.71667617684418,45.43319079700055,46.87920321297927,30.51809041809293,40.311878711581095,38.35392786555233,31.53741878444851,26.81659387003932,22.951211005733683,31.962998700497945,37.47142813377228,45.31982242131048,44.63498856948025,46.2852880510714,39.98645131972438,39.321400874175836,45.59828553096366,51.56374531971969,43.890946915948724,28.064611127014185,44.93760429539398,42.911288475300964,40.083020918162575,23.49101815184658,36.95535383026324,44.01450411046691,32.356625434294884,37.12382158827123,34.10668316225595,25.47494834216247,46.415218874380784,33.05489300192789,33.71206695968191,32.28672982238325,51.20051675319667,37.128720494293155,39.905628382559605,41.253700903982946,39.08576986870164,34.24609361441013,43.659513034298655,36.50318313929536,33.33307478494074,37.68401568409722,22.54527296238898,37.52065663724981,46.46567029641726,49.15935403153494,45.73869760221528,41.62774750210567,40.25451589850235,27.522231062611507,36.00257996538153,36.11908759811429,41.57760204401786,37.76625047238293,36.92458537555562,35.71915082095127,32.90187043093365,29.572626477606725,34.394033917715134,41.185687349156055,30.404005625836618,32.616259509980146,35.781965757380526,35.17294963367859,33.97965668106753,40.24882755620263,42.30936607625549,32.440289211253564,37.70933221334825,48.092098236539556,40.78162903556212,35.61858275796516,27.417037790963164,29.31501853035818,42.45906230093298,34.13052051197447,37.0975602204348,29.123925138557095,26.20995000178664,22.012929018111627,40.23240495624706,32.251832838407175,30.75343545063919,25.71833230455033,27.249077368185596,30.327566777520968,26.817295797719243,31.16175335375658,34.82317566022121,31.791108791119083,32.71340541395751,30.38166995976868,28.65429125432611,39.02334161117022,33.60229637468122,30.136073686852864,26.318235445205076,31.20047817078941,27.462148193440427,26.70670235614497,26.174619071838613,24.63741165893324,37.596863549860075,29.162345292899268,25.54898001422046,29.69509414673379,26.08338876300837,29.767006283079496],"curvature_pooled":[71.61011374750703,77.93055157105462,67.27183919598183,68.15693075640135,63.82197160770823,54.161305291200854,53.80550384690073,51.91897877781992,58.07016708425711,63.61459754215679,45.30585040848428,39.00140532176662,51.0021840568738,58.050482764771765,51.80311978504745,48.899172045281276,47.605563546115874,57.24543309972688,74.33516083570213,57.587479159310064,53.867931665593886,67.77860868377101,62.203732933821,52.21600511691163,34.76177641689955,41.84409155344046,55.62703843526264,66.3788570152877,63.42538408432082,71.14459157739968,66.42918598281054,64.95983422455724,67.76675232188408,78.98256330892059,77.70627921038768,55.227340086228,55.309463349142014,73.52349404428548,66.93676785981651,42.49968976390911,46.365117923955815,61.6278059393514,60.552802781016865,53.992026540033876,56.47105765916828,38.83712917574501,56.68811577857972,61.49234185151088,48.1999594110343,46.533288755741054,68.5070033501713,71.2304803079669,61.50144535642727,67.16673137857109,67.13426073283124,57.624445567313046,60.5175875867579,63.447373672540365,57.843991527130875,52.84146946752105,48.014497276669886,44.55877388202885,66.23558894715681,77.18385156626097,76.5086822747241,70.80168024008123,66.79598323417635,53.22960888159051,46.768899629449436,54.93591989850372,61.608757185851715,68.11766531126877,60.262255533003234,61.953062685367186,55.221847876414216,47.97236483368927,47.59867177606797,61.849326539411024,57.590446655472256,48.76631501996809,55.24447207000875,56.18986873532939,59.34242049068551,60.41018119503013,69.10173581299186,57.34308258944429,55.05703369568219,70.85106884690175,67.05833561518443,58.753974367198836,49.81676684676329,48.66115981384675,53.629291801462244,62.513766785725196,51.47362020095073,53.312918995690495,47.00911379880307,32.88608747121119,49.053858178115064,55.80024069605764,53.28007621632611,50.52962237274523,48.488130611436354,44.17228207895267,36.98749002784756,45.009892201673225,50.34286074136772,52.819529249366035,56.012736409430715,52.199255684122235,45.26421066057903,52.81898835861589,62.66162748548176,47.89220614128986,44.6401683537316,47.5423991466701,48.64906776744789,47.662570329074505,42.75490854218586,38.180822869516035,50.03695067977152,55.63186203256772,47.999277980312314,44.57651089943904,42.086748890027486,45.70764540657029],"sr_step_mean":[1.3848049919371646,1.3980496112867702,1.4278203964221532,1.4128054241351489,1.4135244331767796,1.4211051614217156,1.4249985091664898,1.42587945386589,1.4238500344803542,1.4140039437751781,1.4260944086086151,1.4326948852603936,1.432573369144678,1.420996506034174,1.4255798065978231,1.4245983103821889,1.4223520089019488,1.4331049728531677,1.4286797009098908,1.401816089338043,1.4150948529879261,1.421299490335849,1.433676999918492,1.4306555137052939,1.4345830813415243,1.4324450551432066,1.4430800177541958,1.4476264290861638,1.4445172879780965,1.4078633441640118,1.3923220483147716,1.39848506407089,1.397109585575208,1.3805562415191328,1.395971012907412,1.4396299303858446,1.429895000379869,1.4223186724245176,1.4164338026533037,1.3993948027922325,1.377568181480889,1.361410860454047,1.3736663150346156,1.3997156686439773,1.4112365771772541,1.411585964115371,1.39704758820192,1.3698724441378556,1.3626281373057116,1.3752072047760784,1.3897339318740285,1.3910392318946363,1.3934114795630863,1.3950039410949742,1.3953676906171866,1.3956815402127836,1.411203210016235,1.4092030091042076,1.4074659972304255,1.4135399612928152,1.4142897255917417,1.4267853100476842,1.4330120748058273,1.424909995947557,1.3976365624120257,1.4092782752567692,1.4214227393565622,1.4282563399410517,1.430228430242038,1.4357701694561238,1.4421118858612478,1.429804671266638,1.43419455749042,1.4325731890596343,1.4296981261014958,1.433289537106721,1.4295541057122214,1.4278469799059268,1.4309407171748825,1.4299657581360972,1.4309919303218823,1.4286036370070352,1.425236686038038,1.4300308058649422,1.4319827380957773,1.437119235154922,1.4381992164020536,1.430160069219135,1.432677743686117,1.4068719661313762,1.3874648451044465,1.3866971502631606,1.398632273413355,1.3950470868612908,1.420466639671888,1.420922775925116,1.4054614530283984,1.4003400236682209,1.3940504444371564,1.3952157476610958,1.4141184890967784,1.422111266261094,1.4346528869012118,1.4385172254413663,1.436560473082196,1.4224695894211468,1.418139040887686,1.4107367228029453,1.4199629498743611,1.427768977158296,1.4383531951062336,1.4305812967827236,1.4224640703342069,1.429625522101601,1.4420006343172747,1.4354438418498783,1.4297261666934376,1.4385643584640055,1.446340696695506,1.4445738394094845,1.4325639176765452,1.4292060915296212,1.4368466336386503,1.4431351093346592,1.4491215142162066,1.4292892310685101,1.4233944371194094,1.432011361824844],