{"seed":2,"n_tokens":128,"wall_s":416.959632396698,"token_ids":[261,6699,45470,45,40186,22748,37924,4596,3492,660,45,4600,31581,332,31040,46,1828,9156,40236,22218,22590,53287,38631,47,3918,21800,30259,37924,45202,332,31041,4424,22226,21616,45,21400,4596,22590,40237,4706,21902,22323,46,6806,64321,39934,22748,22187,31466,32251,4811,45616,56479,116,4596,52072,32487,22590,31506,47,3918,4600,51344,4596,332,31897,4706,4729,1760,8067,7054,60,40185,22590,31897,21800,45955,22218,39934,4600,332,31098,4596,22590,32248,27501,45,40185,22590,22116,21795,39839,47,37509,35098,45,21902,52701,21286,38677,21265,47279,47,300,31098,4596,22590,38519,21800,30259,21573,40062,22590,31784,1956,45,21265,332,52829,4706,22590,56778,22208,22376,7415,116,21800,30259],"delta_pooled":[56.99512280566902,57.1112238240219,50.74654858879703,45.22973344169244,49.45757431719341,50.35002812818624,44.199766783591436,51.26106287079831,48.33282850181757,42.71795616905163,48.13810286963573,37.588788293723205,45.26867401226984,44.05051811395272,26.098469403910947,50.01916980888678,51.88778922290187,50.12143507516464,48.1487279411047,43.14736191862863,41.27739635864186,41.663037311306304,52.755048871311594,53.472212436841005,49.73461164722859,45.579097125856464,49.4823260486243,51.74435934175308,45.866353345095135,52.01705023670513,53.111946607562814,40.34148481456736,46.92187949596287,40.838839539920734,42.202320910289544,47.201091181717864,40.55523136472942,51.9373830414431,46.2228395111704,41.51573681562517,47.54532914873958,32.0050717073227,41.87127242935367,47.81464587470975,49.80633470761442,46.97333935638487,35.74480992701034,41.570792717104446,48.09395331178537,49.395749907954816,55.324773308939676,45.145904704801524,40.36982410116986,44.24777434626145,48.74496487800445,43.63055423435255,41.26189541997073,48.14409495666983,58.47555377528264,56.52207555622745,50.11437341843951,54.312823305928845,51.18904067144647,39.78238225990859,47.137554349990296,46.117874151521164,59.46976634654156,51.572640640275914,41.17199112302209,42.9635523283698,52.23529786915045,55.62582909254955,48.51062023459183,49.62682162936412,48.99410939702249,53.558786072897846,36.49298566241776,53.55200641565733,48.45191938020508,44.338260360407936,52.37323661592921,48.200591206001306,40.754111252663336,43.84770236202719,33.15634639685691,41.5541018623523,49.64519426208347,45.50978559864235,52.31757443809499,45.47949632252941,48.587728970114874,57.33881705970001,56.386950505455346,35.27502989602813,40.00616870669915,52.54535660220326,52.66793687848894,43.05867956166218,48.560534337842306,42.819560562664584,45.90140896314839,51.158885562036495,59.451220985232055,58.749572717736704,51.55022042559792,42.49676367998627,50.38951636616229,52.33908574349552,42.91072681368178,47.734416388362035,47.33162137525732,44.988445446866585,56.26907300296793,47.48894321007824,44.70340986656101,39.58666157967345,50.56311412169013,50.4696578851048,44.836241422095746,33.01224165482163,33.38350045408702,38.67188440049891,60.912983429763116,51.71326354608688,51.86073621426291,49.59616248488134,40.215611869917794],"curvature_pooled":[90.18917004628436,85.70493942664694,78.61658528432704,80.20169130044307,81.18032031615385,75.6055280058205,74.05829407347181,83.16231862975418,69.35590805503502,67.94275555378526,65.76699748360268,60.223594516781084,70.64544536778173,50.05776157904567,61.72531607719657,86.60362281043976,81.90553676348699,77.33919271957829,67.64160879556734,65.86566891151438,63.56245576601059,69.14862480580743,86.23145534865023,83.33666539974321,75.41210801640712,76.32685021011955,82.88177715340645,73.1096058288499,76.76307074663946,84.96966401551994,73.87433694394645,70.95225859719119,65.73254618398121,61.21909847450017,67.32201374012025,65.52414615978012,73.21104116996307,78.94561219566926,67.01122542092074,69.11620841332783,63.77345376741527,57.48947507371334,68.861612992404,72.30518394577128,75.63592623296964,62.4339669691474,58.35524299939496,73.62462225948218,76.23455231951034,84.52504982006556,78.14189868719394,66.0479404304918,65.27762341000006,77.88362807319332,75.33575659711482,63.496186496346425,72.60220584007611,84.62999396727155,91.87482845894777,86.01125257766775,84.41081872208277,86.23396269561644,69.29820576707169,68.13628537937097,80.4843013742638,84.44928192039848,91.72237634962893,75.92693857245095,64.5786963835694,71.1058831777584,80.4083574219331,79.64999149811057,77.48563318399944,77.69211234349189,81.258811851116,68.61213133638894,66.72869970278109,79.82229317807368,69.43515893966436,77.82448041352639,80.92807865853571,66.75642910094012,67.0116873883888,56.92539410410784,51.76821553357113,68.90904393728675,72.75586565665138,78.14694355819036,75.8152162754028,75.43397617512845,84.5828019747842,87.88629513796742,72.45336466373867,55.441710636255785,67.47500497216272,88.85171364074597,75.2349593065707,71.21850954591874,75.68905140187104,77.8070743356151,77.52285025219997,84.73171604991609,97.17584789170172,88.54282258680782,71.67834130574799,76.47742445897859,79.5981503173013,73.87591747544417,70.30531222539834,75.78948201165746,68.68348360789722,81.55794466674391,89.64932955389733,67.61883355763806,60.84598636518965,67.37785353187691,84.63262233117288,81.43874576238183,55.130922056040006,47.83256234267652,52.279516079589456,76.48427094709578,94.36692278517096,77.45729585440635,76.6585921083391,71.51663219651469],"sr_step_mean":[1.3616466998824663,1.350399181502671,1.3698512494358976,1.3761884236546404,1.3775588334536302,1.3876597140551319,1.3957549706478074,1.4009287210092498,1.4183093511917706,1.4258566476940961,1.4013680546145488,1.3863005230437968,1.3938487578185408,1.3986473011265435,1.4268434029911055,1.4303893858299663,1.4347440012477983,1.4194406504615842,1.4222028690629236,1.4150195064601228,1.408666363128944,1.4170623239385336,1.4005627556061835,1.3725746603014415,1.3851488396124294,1.3850616715858164,1.3896536781433209,1.393094591834532,1.407853811439136,1.401943123059099,1.410889412266495,1.4248385633273137,1.4321306028336247,1.430851668194072,1.41225075217244,1.405079611910045,1.405434559387243,1.4070835191458053,1.4262534120165593,1.4334878991629754,1.4314069391519657,1.4426443759133047,1.4532379358976402,1.458512787878042,1.4399292193851645,1.4266149200750282,1.418213885021841,1.423710053028396,1.4342818551428094,1.4400051353474437,1.4480504154920126,1.4447050658987675,1.4537776098057653,1.452224162778663,1.4477072900380017,1.4591328549609184,1.4564583683883976,1.4421542295489933,1.4589614264264021,1.4077463706123536,1.4104394501387594,1.398483771487351,1.4152274143420402,1.4213973317117115,1.4144125046861198,1.4221395812643596,1.4240040465373982,1.4332714022463744,1.4459574656098875,1.4458371291993164,1.4316167224822396,1.4105063508903495,1.4271360338827523,1.4148363377300799,1.425928234258808,1.4357623481094481,1.4461020902139918,1.4473084112862136,1.4369057853328355,1.426482060734143,1.4161798753974584,1.4384808632857302,1.441961480280334,1.4416360401047628,1.4477579184937746,1.4431527200091245,1.4284365056631014,1.4336165838153134,1.4253125606032129,1.4530074881119088,1.4591175400953185,1.466037244941452,1.4032828060318934,1.4145748719124456,1.4126212816054913,1.3986749339662035,1.4123279080865405,1.423848725920373,1.4144228999061117,1.4254214197485544,1.4259626419247888,1.427278410980281,1.389222800652937,1.391801366243504,1.4205070705852203,1.4297724371300227,1.4307309558883958,1.4304753030414046,1.4318845270768905,1.4285351841450489,1.437075297305357,1.440377936469681,1.437457451514625,1.4535614853833139,1.4503135636251565,1.4373900828641784,1.4242479415177465,1.419631466750696,1.4355360070620196,1.4371412624826185,1.433380580015237,1.4432157659610352,1.4554617915239287,1.459988279594059,1.460524321053262,1.4605132306144,1.4468392512534693,1.4427961884782396],