{"seed":0,"n_tokens":128,"wall_s":420.91796827316284,"token_ids":[261,1264,30198,4600,39820,37663,45,22614,45,31198,4423,22464,22748,4424,22590,59220,4706,31254,51158,47,20996,46543,4706,21811,30491,27355,4833,46249,4706,53287,38631,38576,4596,22590,59106,116,45,4706,22487,1820,7856,45,21265,32465,22464,30635,308,39652,4435,30093,4811,32187,21811,32487,4660,45,21265,30357,21811,4596,21811,31100,46,34526,38628,47,20885,32475,4435,22590,31937,4596,21256,22590,62705,4706,31011,26307,32227,45450,31601,22590,45604,4706,22590,32512,47,11,1724,261,40,48358,30280,40219,31059,30259,30859,548,31929,44560,4423,4858,47760,30218,53169,21823,21415,45,274,7195,308,21556,461,31059,21273,39752,578,261,1141,22748,50919,22583,52238,40,32432,30218,4811,22248],"delta_pooled":[62.849798548031515,57.2527024020658,52.498526623040156,35.91321062021626,45.62011899528803,40.14608044462057,40.60203359155639,35.042773200633484,39.15127901113207,44.87121277329842,45.94966341095654,40.88898350305198,43.99371798396594,41.84694910214872,44.7234193679129,37.14273776343735,36.36854813776599,41.246757847434175,51.261386819362976,54.209021143786416,56.99663885200062,48.01434528672067,47.14349855846002,54.73608131133201,54.825221851750584,35.84679489373853,50.03651883089003,48.74083252662254,52.06438733020832,40.04862404872683,47.34648579366124,52.730616684778305,41.71904770095248,43.70522208693303,25.021226542060244,45.43072560603107,36.57723530054971,65.7365824715507,43.921282705242795,45.65507203754226,41.50600002055288,32.43401024879359,52.06474002322652,50.27587541399235,57.69701615269124,58.70285804791867,39.884478290961106,47.47437476210674,44.77169298413094,39.088865310375596,52.05775816679338,45.14026028113699,47.43215886282848,43.61494135419326,41.636800966783106,35.788642624724346,54.12725789066488,42.51405916835307,53.101611013650306,50.41368186962921,45.21041223716982,34.754903996765215,46.628681121049546,46.26353871802288,58.47949231947648,56.477387349343864,45.133729431339965,46.30158883415181,50.66768843452238,49.24388064159576,51.56098462442534,43.72389667952289,35.59894383650086,49.26613776414951,39.383828507089206,46.22586002273435,33.66880361973108,44.9540075315721,48.21476698910812,38.81562783169285,39.64033413636887,40.4146545678071,36.265477557396565,34.568359529684884,44.1773578381219,51.22687288129223,59.61888668220291,41.015251658265036,29.675403875132645,47.460920432141556,55.66734065250548,55.46393152014788,59.27588778618987,44.75607565029794,43.239145508847834,49.46773193251245,62.7909191489145,46.03403939515158,50.038954071503696,51.10385339597106,54.32322845279458,52.215043959113494,34.8753883777525,47.97667517176409,53.78392806222304,48.70699299346855,45.50862300008617,48.51153794611005,40.863628016859046,50.2341585338683,42.13584338959182,42.32001970333406,50.51324776666874,37.73085511768248,37.33367928796361,58.6707436464402,42.56783950837653,57.64799908042506,51.042535398404986,47.494658882297706,48.70747871751432,51.012376233580866,36.09154258589314,46.90974877235625,34.62567894532789,45.88385309750698,51.770468449406096],"curvature_pooled":[97.7397152823019,87.48815670035344,65.25587834306839,58.88365549325715,69.22892077088314,65.25632602957452,71.18213224679745,59.239538016338564,68.71345462655933,71.72911110495261,72.26544333004156,64.43189436816594,64.0927299278052,72.24197324814024,63.83423482306409,58.33913732227309,63.225754492119705,69.85668967503901,82.45571871783677,89.19628746045797,85.62925531791628,79.82815121283954,79.44460263184824,91.07297430449363,60.362342897212116,67.63716894752592,85.41572577704301,78.4865394501851,68.15440213541324,63.784521677602875,78.3729658195976,72.20718266482149,67.20722644190019,49.52475542947274,53.96011524599971,52.95141541939265,82.09908774056959,92.52342952505819,67.2541238365577,68.99634319137984,55.24103164713422,59.93199227143619,78.19829832201874,91.05257864840432,98.7992917097455,76.23635527610224,63.69362244106919,80.53014019682045,64.56727502961158,75.61402158112055,76.94073339270565,77.75370113836881,77.45282183532188,67.61970117085738,57.220824944830916,72.91287124674457,76.43145991409996,79.01282908157259,86.71787587179878,75.96494670494567,59.05027831103312,66.49067824445893,77.31956603155156,83.87118101094524,90.67442526711267,81.10510018306348,70.643490742646,76.82738713589497,82.24601586085305,76.90707259666019,74.4055202459501,59.1285257542715,66.64109080950027,72.16077346875367,67.58155801339424,63.04219564190206,58.353486921474776,75.5001635870239,67.8490633117016,56.82956722131698,66.37120531796285,63.52162018112951,58.48552239114374,64.39053718964568,72.26235064379988,82.122751510975,78.42199399693135,59.25082166879984,60.538251832230095,75.5186462678281,84.83800107437933,88.6578604488385,78.6420346442224,67.87296645683733,75.98690650639314,88.09196723210087,83.93229541743297,72.4527536116897,85.30043344842073,81.19732717251912,87.22191492302636,65.36500019714434,60.07652325034456,80.90969190306618,83.68162482646902,71.11733116483211,70.54881928958395,67.10640265126729,69.86827658362297,75.85862876932592,71.48356770198788,74.7132670300261,68.69997401646518,52.038182742122665,76.1969875076388,72.35880951222259,77.21526663666744,88.79797140695511,76.11114647926901,73.26228324535644,77.43811962504945,67.2005469680343,72.20062791659221,60.3103099344189,55.1996866975508,76.89444697088705],"sr_step_mean":[1.3616466998824663,1.3819615083077308,1.389713578314787,1.3896948912739946,1.391543147442955,1.4014297975741483,1.3985731514374136,1.4133813895082155,1.4004825074418583,1.4125764342261293,1.4193038150277983,1.423204097328292,1.4184529755041877,1.4261898815733565,1.4262898227058114,1.4301334875220961,1.4338353454320332,1.4406768587807235,1.4342507516089258,1.392399303645827,1.3813199282157669,1.4038755853075688,1.4025101314238058,1.4130667800955896,1.4262980714783202,1.4304529151962428,1.4225462683082901,1.431794964189633,1.4232529367013296,1.4311720707220486,1.4280552236064843,1.441616144495474,1.4570921199019038,1.4569130193642403,1.447178443411184,1.4433575363399098,1.4338146333205655,1.425295062419307,1.4382375629406778,1.4472595952320546,1.4511553428455615,1.4394048878956072,1.42452775379866,1.4279496820159727,1.4277621717204667,1.431386791434931,1.4233770439458444,1.4243329855795477,1.4285148638278091,1.43257043319613,1.4256229911755562,1.4372705446245477,1.4426100595486717,1.4451627594152037,1.4352295805383448,1.4218330422125254,1.4164818316051597,1.438122483916267,1.445304605676039,1.4456616389170278,1.4436020186923428,1.4433380546464976,1.4474267191236823,1.451604193391611,1.4443597520115172,1.3951103359767452,1.4048027480970415,1.408274052803052,1.4097640704861891,1.4151744505005732,1.4354464943255356,1.4373757249986976,1.4457804162690684,1.4363192427691172,1.4583406639576584,1.455842933435665,1.4601329331547281,1.4594507717382081,1.4620996455030253,1.4681283477398444,1.467202301865761,1.4636003873183272,1.464836124347058,1.4635622589643127,1.4599335309400494,1.4591193365060464,1.4114800432129113,1.3774038474446912,1.366003713033962,1.3565603159360666,1.3396874806252155,1.3606861643722243,1.3844459898831694,1.4038822101767738,1.4069760080988607,1.406607872955093,1.4143189192338559,1.4052461910720206,1.4008803185024414,1.4072636338807225,1.406378770750391,1.4071811618093066,1.413555501988748,1.4153138333857684,1.4174271054723253,1.4214535225223794,1.4207670645296397,1.4067898578288724,1.391364335131459,1.382664781382421,1.3844631315592781,1.390418911666919,1.3988024458010155,1.4012440054064268,1.4114996561676616,1.4249381018706149,1.392766300032866,1.3714368358448343,1.3793048164192816,1.3755372410401339,1.3878818676880569,1.4068802434654966,1.416058347554931,1.4169495435820625,1.411243780125643,1.410939227299018,1.4148925187650911,1.4154899302374602],