{"seed":1,"n_tokens":128,"wall_s":420.26290798187256,"token_ids":[11,6699,38631,4600,40185,31578,22590,60249,31367,115,38717,39826,45,22590,32028,4706,332,31323,38717,38848,4423,22590,36967,28953,47,3918,22748,22590,31960,4706,22590,28813,4706,19658,34349,45,22762,30949,4601,4811,22590,28564,34395,4596,3487,628,45,21265,4601,22748,52657,31077,21265,39934,4596,62605,59276,45,21400,4601,22748,31323,53137,4811,31059,30259,61717,59495,4450,22590,47122,47770,4706,22590,37334,111,4596,3489,665,47,21042,57423,40237,51551,45,51948,45,22590,44968,22748,39103,24381,30917,58845,4811,44527,45,21265,56390,4706,39667,30383,4833,22590,39533,38418,32512,4811,39997,45,64507,4596,38619,47,20996,28953,34576,22748,31351,4833,4706,332,39720,52829,4706,22590,31323,32433],"delta_pooled":[54.61631462169168,55.337593527694885,52.71430194903479,58.65423589807569,40.21893354902663,45.03713866865854,40.913630305523505,53.44676881088558,43.72179343741537,43.403668814675925,45.12095521061096,41.04867597052306,48.59141485195115,55.06933873917614,48.81882494030439,50.919270234737226,44.279902514777355,51.08518748270991,50.71301617078162,46.24212063720694,39.65223515309378,35.44033014971682,37.11747429201252,57.36362114824184,53.44764245729039,47.34690853866688,51.75524182103778,51.74938961923183,50.047999507732534,41.09415677809306,49.34284497513671,49.235196476552225,58.0404688391868,54.06804244328867,42.33908338600154,48.026816084481815,61.85319945727518,44.61888060840308,52.07862061879967,43.826942108424795,58.670819011748875,54.48397887206732,52.073051204131694,52.57033861814365,46.99721047750226,36.27456895440144,36.96690604935502,41.459010412515525,45.90159845742783,57.0740607913333,37.541707201506476,42.77244319645172,42.20631000877098,44.30767363021836,44.43215379407725,46.47624754756169,40.749760317437975,40.09961696856774,42.2353410821789,44.85412031853661,38.318034762292065,42.00063636965132,41.934410135252676,37.97702951810575,38.43065448170208,33.78638846921498,53.14246041893703,55.45662864399474,41.68226939932453,49.576241064444986,46.52516315820623,43.8496890703032,39.39533026847049,51.71641469132205,42.55256179137107,48.263739611241185,57.63228446046963,52.06419138587131,57.38696419058789,61.77552712200456,47.136071589804644,59.601514389283075,52.24307633584705,32.12020393300903,41.59398779583368,35.22720477058823,43.268721331801935,55.93188022693144,49.45522829009474,58.184014956208934,50.725905019527765,57.81422277913987,53.349069500761075,54.38741017958272,48.98899886114519,45.763503942415866,41.953147158126974,52.46334681432893,43.40631102746177,57.60778882900839,52.28104339785568,46.14778354722227,46.3822709862197,45.12194663132257,52.54114092756549,47.8455300375358,52.84867111684536,54.000381803230525,43.96243400362672,44.500198690458575,38.2145652930838,49.55289509403907,57.14146172192353,53.77781787473014,58.485015898568534,28.067365323215434,51.214889828415764,47.41067104296017,38.76507493626442,45.493702140594664,42.492488913237054,32.92298175653862,46.14521858168904,40.88062769414234,34.976891477361924,35.974877353194316,47.83811849461978],"curvature_pooled":[87.38163698840015,85.31844762726243,91.069420816654,76.25691000454779,64.57931308351543,65.63127243814199,70.02448852379457,84.79093449938718,61.72540023458859,67.7999686153528,64.73248795212011,64.95139885554396,89.54785960125267,88.30444845259302,76.41052204184622,72.6098737775966,76.8024818387208,79.35728365745511,76.68058090012273,62.752623636285115,55.72362630934226,52.102177630967,75.98445162733127,89.2870191446777,82.9371636451096,78.45920629984056,85.92830250205519,78.17918740220695,70.77648137845414,70.044182557918,74.02909948124864,87.97098944060166,96.25080519807356,68.54893182198958,70.00674580463351,88.95646512351185,86.07470517319821,78.1714515396324,72.71294610610617,79.82622566633658,97.77926508628799,82.02518836693645,83.48932202939704,82.96179235816037,61.15405240927688,50.945481416731575,55.12933327588803,70.87904902071841,83.21117665610166,73.96803668815761,60.420528301876445,74.85299514285454,66.92685067586359,68.9339931437317,76.3897660339902,64.63480338674225,60.50013919223372,61.28024928515972,70.96286252464982,64.98056614833536,60.895665597212975,64.08356844034324,61.08493140531084,59.36393135119019,54.44186752850848,66.92590958197795,85.08993918585665,73.05304966686573,68.11656689403212,74.10961337818377,72.48877359314164,65.06632449006598,71.0776313231393,80.41662997963456,68.75796091965852,83.43440990844235,95.91398003616045,81.01868555389044,91.78356451825448,84.07232728743168,82.68772045522715,89.7686846849571,62.54687654349904,58.40555095512488,71.77293891335701,58.481080449560594,79.29679004953408,82.43957453418231,86.25540870522488,93.3323290347081,82.59089717422933,96.44818238333164,98.91217185475267,95.15341847680648,72.38442498293325,63.03040601544117,74.33719191531515,77.31097088468564,86.37239688702525,87.80279299581915,74.20676828782983,67.07283312255349,78.74212109069822,79.481002529841,90.81620308248037,77.6845363045237,92.63485833404373,82.6267998392623,74.22810524066921,61.6174035857094,72.75571148927149,88.09070713611763,84.1045872429888,87.68782979058224,65.86125764363044,58.590577021494965,76.58004108028656,66.7445468329452,64.65809340344768,66.768840828956,56.11173326226396,59.527890550741866,73.4248591561049,54.976997637437115,55.00338656521669,65.19159254293132],"sr_step_mean":[1.3601165932112043,1.351458958073932,1.372474461041069,1.382214622557072,1.3936512135853985,1.4029850586694177,1.386160941801328,1.401417927204026,1.412240231378676,1.4173830094811575,1.4084972963816529,1.3997407368095718,1.3925627932201994,1.3894659021682036,1.3945908936706308,1.4012133392193515,1.3986469952830278,1.4096349514278217,1.3971391227896415,1.4066886488239658,1.4094774593897597,1.4008884280256793,1.4157123537499174,1.4169346369956175,1.3849468518474355,1.3940959975642906,1.392209286496876,1.3858197398495984,1.3921175468663736,1.4014863751795976,1.4054445099062658,1.4239295757481882,1.4433441659020776,1.4446794509825365,1.4409176664984182,1.4306544026781038,1.429739679145243,1.434574613596369,1.4369633418530148,1.4347123948296263,1.4288450575071723,1.4440203876266704,1.4438248007792556,1.4509653249848669,1.4549291917639877,1.449192317157241,1.4405448215935477,1.4228051519932439,1.4117901352613096,1.4097240273113212,1.417184511689201,1.4326161111292228,1.4343702144236659,1.4317509643099557,1.4392892631450616,1.4491806958015798,1.4378704903714041,1.4246344374186304,1.4152525073877067,1.4068851685914083,1.4051794803983813,1.4132532280026708,1.424150406953362,1.4319501298926804,1.4261860225462721,1.4259342292607589,1.4321249614769125,1.4337113248985245,1.4425830800963135,1.4367251271929484,1.4547808361476628,1.4532524447955117,1.4626151551551203,1.4602079548053295,1.4722811193351548,1.469043413514898,1.4708078431592835,1.4830542034669179,1.4701728336933897,1.4329798143491939,1.4327621070342194,1.4407937672756201,1.4526399947499693,1.4378710058684046,1.4279575796644945,1.4310454983291143,1.4191524660831079,1.4093678135915704,1.430355242186023,1.4360466207381644,1.4454751211819967,1.4446308871332185,1.4495969830363054,1.4561201232966299,1.459705967822125,1.4581543694725452,1.4376932787297785,1.4246835269336946,1.442586371595863,1.4347049529849478,1.452659064439551,1.455769030148742,1.464265155875852,1.4567391671925192,1.4502081544233552,1.468896601084479,1.4580987918503687,1.458850525380767,1.4631685573331712,1.4564069144356289,1.4563356293156173,1.452169912392477,1.4702515515570065,1.422301046018613,1.402977927991144,1.422790808959495,1.4195434091693289,1.4145526735554752,1.4138081035416563,1.4190478838705074,1.411569620274353,1.4073143093807639,1.4197183985342745,1.4243715166082034,1.4275522548744917,1.4228051395822099,1.434760038500708,1.4329322887831024],