{"seed":0,"n_tokens":128,"wall_s":356.6960518360138,"token_ids":[20996,52904,31077,4600,45433,45,4692,38288,45,4450,22590,50837,4706,46787,45,21265,332,51728,4706,30753,34772,51019,31277,31204,47,20996,59945,4706,19441,34159,4600,39174,32226,55521,32227,21413,4435,31968,45,21265,30788,22190,21902,38631,45,38679,116,45,21265,45470,21286,21256,32227,21413,4435,31968,45,4596,47799,45,32465,22590,30923,31263,46,25395,4600,4712,47,4255,4601,21256,4600,37620,22590,31011,21265,38677,45,22498,7182,46,25387,30822,41509,40185,31461,46787,32113,45,21265,22590,39720,46517,32227,38595,21902,31496,4811,22590,39291,47,19441,34159,4600,332,53287,47,300,39720,53287,45,4596,30808,45,32487,4419,50907,51929,32227,22074,32458,31059,50888,30259,31351,47,261],"delta_pooled":[53.522448291589704,33.603398602565996,43.97313430599625,44.32715700120949,36.40393776288047,39.109659216851284,36.42070879627024,26.76346088572639,40.51957878535167,37.27978538578616,40.22973840669976,36.80053858306502,41.374691175695865,33.036559517964115,28.742057804199277,43.13564360629953,44.52843200107108,40.68860635735166,49.03697423496838,49.887119340175666,45.343351780104705,35.579572868697795,38.82039040226911,43.85243765738747,45.11764673787772,50.346600200355,47.86909256685872,47.16104129827546,42.7204958236396,47.125342119445726,45.07913248460919,41.822771307827495,37.63622831579573,34.18632394739293,35.46772749594755,30.32013201359951,35.3670123398843,39.54227708671924,29.009290248217198,30.50802592781415,29.640374162844573,42.63148625227493,41.75126852079882,37.604584359698194,39.57529346054775,28.070508909462205,37.07872905271222,19.68888929974629,42.3107920922528,48.33769802328393,25.93674433126395,41.00962676885806,35.026519670083545,30.873932643027832,36.45506352222769,33.16481541151771,38.02886600834807,42.75121152035241,28.131050003131136,38.97022901233219,37.60438420595259,35.51429969973334,37.768483323998424,27.21932059458805,37.64847537652685,38.253372645033465,37.01318731130448,45.57531693037821,44.56451223106686,39.75590029845802,23.688065179905923,32.6245742962761,37.433365969975014,39.164849335679605,37.236989400615094,35.26137468567441,32.02781501274222,31.328494598801225,48.976217877696264,48.01019898345256,30.735336447994356,36.46310370839814,42.053295910828815,43.31594335556779,49.98752639615272,35.712760377134714,40.26809857072549,41.87558529095347,38.010779155436296,28.612506796720815,37.8044682331577,31.154932412610634,41.7576127013121,43.380276979222735,45.605110051436554,39.551051965725826,42.6156202682684,36.05104083000249,35.978086072155655,38.123672423295474,41.65233877096872,46.11602080169038,41.342289102174234,45.64085318460467,41.00289481296709,39.5727075358305,42.69063573123747,42.77626254073745,29.733347838141874,38.993407598209906,29.88733952770715,38.81055252749502,37.65195498445836,23.30162871442351,37.91021236565793,38.861853894962145,35.56252326666539,43.83491376041428,39.416180101493346,37.20837168186944,18.994106042383283,33.78256217904643,24.10060900730144,27.381727743891354,34.627619538407465,45.12281002593666,40.43566641258842],"curvature_pooled":[68.68079684930123,59.85459221004251,73.05460117209869,62.700240613209516,57.47362223883563,64.42114771400759,49.242923952013726,47.69360975009233,59.52203657457383,64.13883355826424,64.65611241311322,67.10692345774763,60.21007038852977,42.86669258033989,54.666879429966336,74.76213624282803,68.48276353106272,72.54665895155468,85.18840185507226,75.94479173219806,60.56532119219464,58.97041266439963,60.59623501101443,67.95703936975866,77.57314228543372,82.0603860659329,75.64922224151202,75.13120035981576,69.3365056683983,76.84886074338014,66.02184762870326,65.51578221312398,55.86211510149494,54.9527786929042,51.383399110875004,53.29447856097894,60.39463895277573,50.972321162168846,43.667896064198985,49.0213000060884,55.284253228770304,69.20519905850041,63.80403549244455,62.98330966277849,57.98172816903275,50.38234141180145,40.016688865049915,49.1978598032243,75.75417361733379,59.11180392238194,47.91877224354092,60.39233261460881,48.20178830353116,55.83922177358985,54.93357170115458,52.26470570727635,67.50362021147149,58.77376958643771,54.778716627758,59.911095861377206,53.7140203687701,55.147968781122835,47.96157491517002,57.53469782203147,59.373921540315756,59.0368031308372,66.1387924702117,71.78470517388774,71.24988523731012,47.59106595838786,41.42081627103377,56.93140425764406,58.45355260786974,57.91396361107921,57.72879500487114,59.966312206311045,55.178977944517875,61.74259677006645,89.61273403315491,63.6174935310533,61.57214577902168,61.564695534007576,67.90205358212052,75.7670414485686,67.44689590995696,55.14821665042485,68.36605778937458,61.997590802727444,48.73588964470429,50.42842366559953,51.93167769067129,54.668056458481075,65.8903228824377,69.68396908771172,66.97784511233918,68.48631078296835,60.76742316782309,55.46709861249219,63.648646034922926,61.269139318537555,70.8280110373772,70.87152052562296,67.41790484448042,68.60269571612513,68.56655916175538,65.34597102991714,70.04665820603842,55.51645185699828,53.86390405706639,52.05211279551168,50.23597595893676,68.67788440712611,48.43712602830153,47.784409578408265,61.133837092648626,54.866470913411305,61.78226963288348,62.885984079465366,60.36483614411569,42.44513080882834,38.7161239943236,45.18144703749899,36.98217985841428,46.339609890886905,61.8428745259897,60.02937152750307],"sr_step_mean":[1.3286049493633738,1.3509842455013945,1.3651750889748147,1.3650951287062687,1.3635292888791926,1.3620955214289836,1.3703576682731038,1.3719880016850208,1.367038869922873,1.357334042122871,1.3440658836895645,1.3525002537067865,1.3586130983297373,1.3659138242328737,1.3564632939348682,1.35068467204613,1.346311740633735,1.3624900346614581,1.3729925538247467,1.3744826720263765,1.3680356679457366,1.3709782868087288,1.3794479610709514,1.3704060266962577,1.3329869516081467,1.3277605412056421,1.343694908227036,1.3524706543176948,1.3605983095383403,1.3662404335911054,1.3593824954931681,1.3606287603262828,1.3722650445045401,1.378784556943163,1.3740671228016283,1.3767809771591777,1.3821342249015895,1.3815237836312706,1.366364463890249,1.35430200858994,1.3578774643409472,1.3595087508396633,1.363786741460892,1.3635676185872831,1.370125468767234,1.374949410300615,1.3741171347847227,1.3685749193852954,1.371645044170907,1.3736209917539648,1.3702068897217912,1.3687267286848386,1.3777417833435939,1.375304941977892,1.3757688795835679,1.3745201492422379,1.3627980397514818,1.3650007580845755,1.3788088480082383,1.3674993539358054,1.370620009329772,1.3616486309449805,1.378507983010377,1.3883635304702742,1.3950899765540303,1.3922898907864496,1.3943539700667165,1.398500244119311,1.346737408964039,1.3514040218026924,1.3653710146101208,1.3637171330966726,1.3583822275270163,1.3606053416845614,1.3431903726957917,1.3572421760574456,1.3649023075066447,1.362984681190648,1.3699387540890582,1.3813292637729642,1.375767989316376,1.3783741733614212,1.3798850385292702,1.3781372299553594,1.373797850964591,1.3660759390145645,1.380647392356954,1.3856203263256506,1.382876736732629,1.3676715274241422,1.3573320171911576,1.3469702312167253,1.3575958551580471,1.3721052829184972,1.3780426055245234,1.3838352095228024,1.3931895638591991,1.3969496944207542,1.3967070948929556,1.3855609013324424,1.3832145002648062,1.3435229779001236,1.3505968837872249,1.3595520001077013,1.3570112913468784,1.3504617043495093,1.354375802813698,1.3407550998790672,1.347786275113995,1.347692205527359,1.3560065881961336,1.3535587025639815,1.363568247964707,1.353351715971999,1.3511214750157123,1.3600642275513202,1.355446570124574,1.367737567214404,1.3729275908695981,1.3746681527505775,1.372247570521164,1.3747438350402834,1.3841407077486598,1.385709198986303,1.3857864054636388,1.3905801232783601,1.3525044393260888,1.3292988917210329],