{"seed":1,"n_tokens":128,"wall_s":359.3886342048645,"token_ids":[261,6699,30575,45980,4706,22590,38717,4600,22190,4424,22590,30893,4706,22590,31085,47,3878,4600,38606,4596,4811,38472,40168,21700,4601,45,21265,308,38880,4677,45586,4450,22590,39533,4811,4491,4677,45755,47,3878,32475,22187,31223,4660,47,3642,38499,308,21556,461,46678,21820,4424,21256,45,21400,4569,38492,22590,40168,22614,21834,45,21265,308,39942,4706,4677,45962,45,21265,308,22626,4811,51968,21835,308,32354,4811,51968,21820,47,30031,31059,308,21772,4811,4435,4424,64,29045,308,52112,4811,21592,32227,22752,64,3878,4600,32190,21265,37913,21265,30575,60,22187,31323,21240,308,53137,4569,22748,31198,50919,22068,45,21400,39934,4600,332,51161,64432,37598,21820,32227,38087,4706],"delta_pooled":[49.20569953766922,40.49081707615368,45.7805490144135,41.283879151644264,35.34071447113747,43.75977969780736,45.28114008322875,24.02561272799477,39.77546722160662,35.82750611936891,40.424509413980076,36.813506816170005,33.54913043316613,38.93297990466809,44.7673705909514,50.451071659831186,41.831352544142284,40.9941610217702,33.62566550827564,38.531032880642634,44.338503449061704,43.046842809789325,37.951631838420006,35.51993299267272,35.645725659350106,28.566343616511798,46.48696532369489,53.391792930264124,44.37662168565467,41.38660711714651,38.14955775863912,41.33833730404453,38.51126606059108,48.991871302789285,46.515628217125496,39.73915988796678,42.4240351568737,44.18526337481267,52.64229246069701,39.00018458732932,27.665328991901006,46.74404530618837,37.26974669727629,41.304652743377275,46.6039608526091,41.355967774226784,45.064026628422965,43.18613579179901,40.406940758250784,44.97358043178237,38.37255370166564,41.5951061751747,36.33521158223127,34.018011441169534,36.10634464404462,45.032133404696026,52.60571133481279,43.73238823623507,46.09967195682129,40.32735230458152,43.339720360149514,36.65090842791656,28.800524332260547,39.58946132045059,45.328739784577934,39.57808226981199,45.56144855664247,44.201153049462036,33.432316268584906,35.293591382056434,34.36621945073617,45.446759747256216,37.76874190054326,47.324813923631396,37.17854019702207,43.80238828443337,41.210212528553384,40.21387712790754,45.1691880372121,34.36469415780269,40.58924563702522,42.91585561016796,40.755102488608294,39.66204560902609,31.50491140942866,38.73750431682369,40.28814063698442,39.268580007732346,42.33511007432015,41.798927623992036,37.900103438619276,45.5340032499667,41.34705438858862,48.3075532761253,34.95040496082085,34.96589835306662,40.898975292261994,51.368586771859135,45.29750248123885,44.94568163336092,39.85350607550342,39.2066766466568,37.37779141027147,35.361753798747536,37.86763514029145,36.02449059712561,38.15329542362923,39.663810780342466,43.857765945430096,45.03259378080519,40.024301931406455,34.95810649796169,25.914248049290325,41.68270110054331,38.95458756777655,33.86421963824865,37.198809556516906,40.112556853265055,40.51222578587996,36.796698269653625,29.30867679021802,46.94977314283908,46.407000599684245,35.36844667584715,40.80160949179123,44.15427521704649,44.191209506905224],"curvature_pooled":[70.10529241600163,64.70107647142915,70.8595476348748,61.19787354310764,63.10817050240065,71.94765210363721,51.51749476577503,47.72591281060619,58.21887060558306,63.069454072010636,61.042774552674956,55.71177687297572,60.14914568925368,65.55672674791977,77.44287488186212,80.40849398437243,65.25104927870979,59.031527553583146,55.799623490236506,66.99815260725326,69.88382305363322,70.47740716777012,65.20866729861311,57.36572807381433,47.524992612470044,55.35341332308013,84.59585457237013,79.26202862372257,71.27798014520579,62.077858123297254,63.86310122326376,68.29564431094883,68.31039173436042,80.45110550053597,66.05153612964342,67.48126991472544,67.61947441637109,77.66875527992171,74.97099302471176,47.70216057925292,57.34163633864358,68.09212710515864,64.64165346491967,67.36259708562532,74.79005215565819,65.48894887827403,76.88548512006813,75.92757745142129,72.45611228982034,70.25629385115694,66.59565812781264,71.28229577594414,53.22045859940975,54.691235817937866,63.25307851108127,85.39204700056867,79.23096685632497,71.19903428431596,67.4820342464922,69.11522909867855,64.4208727433428,45.238746993948965,49.177455959507235,72.12348434925906,65.04117387442719,66.88794377375714,75.59274101059412,60.25785558913438,50.52716622538194,47.94934812887239,66.58348269350292,73.55418839964011,75.1247455589061,64.32115902433442,64.84836990270128,71.86765056115003,71.24936730282384,74.67830983803111,67.29677813012606,60.08702747725129,66.62985909511278,66.3796349655325,64.19775999134808,57.00680474412795,55.03244189476142,67.45683049417104,64.74028447537285,66.83516845839792,67.08934479223795,61.750769831394834,68.87171381719403,70.62803067209732,77.87475667892006,64.96880964696145,55.063819995039495,59.3965442873215,72.98191986255543,81.17427418173357,71.43795143429077,69.67134032147267,70.8474251099409,72.52123835724495,66.40463632653206,61.785968501622115,58.238314499476786,59.48820904940266,63.83135298685514,62.51437116601762,79.4969481276247,76.30581199284636,63.455486379842874,45.75455379305039,51.39535067903192,69.88562006463196,57.07047493771729,51.865924030422825,57.97066130371377,66.20426782851828,58.17644811437918,48.565519455189694,58.37484424518747,74.91140404759952,72.71038850395539,58.589816010974154,74.2472666391449,72.21972559585046],"sr_step_mean":[1.315332441725259,1.306897179633584,1.3237058620318765,1.3386394699970703,1.3458266609310598,1.34672036692909,1.3479541479290293,1.3498532245439454,1.3458442548067133,1.3538193621846408,1.3532120090566293,1.3495692009572553,1.3550912254716005,1.3575686407305059,1.3479318041458346,1.3285284631402543,1.3463250247340337,1.348994980088792,1.3597371752643195,1.3654588140147137,1.371499290945979,1.3750428442790545,1.3758562454549554,1.3809432968450037,1.379948129628964,1.3625932376940275,1.357759071140978,1.364293053537775,1.373646383357064,1.3702703716504698,1.3754430743598272,1.3840740622947099,1.3802602555325387,1.3780529912815285,1.370512322028045,1.3772230596654305,1.3761336479516941,1.384280236894741,1.345422185775847,1.3575533819219416,1.3517006064257797,1.3584658789520436,1.3792419172278854,1.381795422363746,1.3536363380167085,1.3540575624551467,1.3670487245167522,1.3570575007220569,1.3592731285512023,1.3625515275626938,1.3749493656985605,1.378721741311556,1.3784912646301564,1.3693022493696931,1.3604621673779373,1.3550325857468708,1.3601872380645739,1.3720299777977203,1.3640551096014548,1.3834034352818296,1.3945282084639412,1.3989605510367966,1.384764940755238,1.378440870516166,1.3727208603159602,1.3820348619275402,1.3825055650029148,1.3741289257449372,1.3916793903697655,1.3811005666321596,1.378947683929171,1.3722024597003761,1.381773472863343,1.377696420108473,1.383359699079066,1.3746592708660608,1.3747689497440705,1.3918868613602389,1.3874022404878936,1.3919422520418978,1.3920475595018555,1.3553744406083024,1.3652224970539422,1.3695431649063081,1.3728529258365934,1.3768285882759532,1.3880260713674861,1.3860414868998756,1.3856014480326138,1.3654378569659407,1.3708537443566788,1.3716094228996996,1.3889930244670798,1.3828391677989222,1.396411760547835,1.3953582138229368,1.395991014814422,1.3630375377710715,1.3603136365626325,1.3531432941265005,1.3725005052775068,1.3799343102804975,1.3852661604655696,1.382992494296902,1.3861487014701976,1.3676344680237706,1.3829645488801823,1.3966099100279372,1.3890133815606067,1.371527154823698,1.3842978912536938,1.384648854746766,1.3829291126804482,1.3837166221081192,1.395941217003797,1.3983251386462772,1.3820421638066305,1.3750471217132196,1.3755625924299564,1.3774127467946335,1.3739273416246582,1.385630433046822,1.4028755542402118,1.4086357462303531,1.3986283004358178,1.395050258718106,1.4001031110577484,1.4009826057130874],