{"seed":2,"n_tokens":128,"wall_s":366.14031457901,"token_ids":[11,1136,32234,30173,45,22590,56619,39825,21800,22187,51164,45,21400,22590,31496,4706,22590,53287,21800,47,36967,19441,34159,4600,39820,31100,4811,51714,21265,332,52634,22471,7856,45,21400,39934,21286,332,21674,39673,37678,22590,22752,47,19407,37678,22590,300,650,45,21265,4596,64491,57534,45,21286,22590,37808,4706,22590,37266,19441,45,21265,45093,32227,39533,39934,21286,31458,38454,32226,39991,45,21256,4706,32229,37924,4712,22590,31937,31247,45,32487,22221,40008,52485,4596,22590,45976,21265,51332,116,37678,22590,31300,47,20996,4781,34779,30230,45,332,53027,4706,31938,32227,4600,51208,37818,1843,21400,30135,39739,21265,40189,45,39507,4712,32065,57544,31891,21265,21800,57080,4788,39690,22590],"delta_pooled":[45.2703687765193,43.958053865810605,43.73130355174145,31.258564463671075,37.052431960656094,47.07085886942017,28.44706064014634,45.444650734885,29.20961514387829,42.5087838747189,37.25081622174347,33.03771511547875,40.98037705431753,46.82972094570975,37.82423452824533,34.882137951393,41.656112088984415,41.801085595030166,48.97235295653267,46.49380680407198,31.794068976636442,37.269843219108495,44.19133575409748,29.205079081632014,40.802507922468266,39.10846536668951,45.66814161971895,41.8896261367044,38.25599749468982,46.17148216891997,45.986461461221324,44.20924813806256,33.92443425239078,34.756697816904015,40.675684316849775,43.56192723951074,37.539262328711665,37.81749424578652,46.65066016407702,47.08023320886405,36.377073814063394,38.271254812357775,41.996233738341296,41.75122138144089,39.46877371152926,36.32363231466209,56.612801005189944,43.235592090992036,40.968596986443806,34.0058215327115,35.49471806341762,38.9096573015538,39.959840337708634,37.99223700365042,36.745444781070304,32.94170586154932,41.66433363990055,37.187720236237126,33.05667854695973,33.98598877764321,38.52845058837741,40.09379314331817,32.29948233535769,39.02241223952881,34.39566351988384,31.222748300904712,32.676889901349746,42.21207217909111,30.118255913704633,41.90403891484651,47.380160136274895,41.422155087118675,35.54702751986082,31.529521399638295,32.74632915585051,33.963146071069964,41.20048250632378,42.490412967593095,32.31724008369985,28.817870039196798,38.49403414985349,35.28928580936991,36.36259773518168,38.006922372333946,47.2498696595148,37.21661962207771,39.60409024829964,33.82431602273613,36.897466800335366,39.072967037680485,38.0060518506193,36.25510969237041,42.68384344696645,31.938085239754027,37.67927139140628,45.43207212824051,43.63242698055516,57.07169599467892,55.186890340878044,29.79993800095163,36.42450120595755,41.0095439200066,38.8893921309306,37.157920182653264,37.2719676895221,41.107429669650685,37.203454639761446,28.91531345323853,38.662806997539235,29.622214304932715,37.39334510119648,24.27800818272737,36.528466528852995,33.95455313192916,35.92465800597993,42.97126379410586,43.30706455159623,41.01061276762339,38.948752402918245,34.92497295248853,36.605292199063236,36.26041091908202,37.182397013076574,45.53962745891907,35.0005813583398,48.76612524947543,42.12475979871743],"curvature_pooled":[69.52775155237093,72.97497195220306,58.646431567612915,49.658290697698206,67.60123921685963,54.07366042590283,55.913305119397485,58.69477786366877,54.116023623998885,66.0821653790792,53.70401512375741,56.118711079783395,73.64492469470406,67.63623732630941,56.93172903149578,63.56032238488015,62.598804187020235,75.29093089440302,73.78313627198811,58.29181390636317,52.60134665915313,63.27651636486234,56.163522996295015,50.837776431394424,67.30454935882956,70.22525439037695,74.73858032040647,61.224914818417915,66.82172474482998,71.92124778446193,81.51862488160556,59.422180981098656,47.93589828644388,58.583131312094544,70.6816939155814,64.9289881983122,66.2020387537978,66.38279788669408,75.70694256803856,64.48963667196396,63.06187247785907,62.56505933206781,68.78756683460236,67.29750218385163,57.87762405193055,73.11328140921027,85.98299175390997,60.45418522325628,57.3590585386142,53.28643570027704,55.615611642991446,65.48937382989696,61.906141508118694,52.28168935643953,52.941938716906016,56.74032686132196,66.85044205701942,52.203077761873274,45.46121273126963,57.01523634968494,58.93313357744541,55.57202440258324,52.43970377587544,59.89630654278059,53.124351040237585,46.865491518715736,60.026644843736655,54.67691565457383,54.284354353968986,77.87781083943308,81.30734187580616,63.73479930156793,50.69341339135029,49.64131985388003,61.78611502958531,60.06017454148611,68.42126089309238,56.19219569384836,47.776822218093656,51.47580937209286,58.18896069252169,51.488593536134616,56.770233084341726,66.43952268610941,66.14205916527837,57.73092697692636,57.02708674317749,56.7650082404329,63.19465466873028,62.79625760414825,60.135196336056204,67.46363785440076,57.23810912350979,58.365876381333194,65.58379946391308,70.71067144553948,80.59760626486221,99.62463763570253,64.65351046452686,49.72767191103299,56.107773428940106,70.00641122017122,65.38983149620348,65.57107192426128,62.397662366813485,67.47546232924194,47.4637256044516,53.5272543765292,55.44509644880154,50.900381568931984,46.692023671907954,47.002241822262484,61.750524535850666,62.813445211516104,64.2390598657935,70.78953760985317,66.39886981954662,58.63403456060948,53.02942473171188,56.84730697494516,54.940210732104006,55.183187095232356,66.15886976427976,65.57159486399692,65.0380720440862,70.7452768103604],"sr_step_mean":[1.3108941147770385,1.3171171840866904,1.3323139872524916,1.337186069999123,1.3260485178267791,1.3170856614390438,1.3373148422718095,1.3448106714636954,1.3541651603767821,1.3586789535009924,1.3768059792898726,1.361711623155758,1.3485555654974648,1.3385040228151104,1.355516559840173,1.3623895125755148,1.3610829825241726,1.3614217350814697,1.363431497258339,1.3412724823902806,1.3554438298617393,1.3580513872640152,1.361072740646511,1.3535834713363037,1.344952747614899,1.3558549302006684,1.3542226850053607,1.366625499870645,1.374859790787372,1.3643934807121898,1.3725631360877182,1.3795732057507974,1.3777933837008762,1.3581299608831163,1.3458107553263483,1.3436659360081522,1.3436475584834922,1.3452006300318997,1.3538823952901105,1.3646877062607492,1.371638008297112,1.3739643196560314,1.3680149364613274,1.3337836272118435,1.3499611850478643,1.352284117680562,1.35316034106763,1.379211944663794,1.3840596570512858,1.365058983239037,1.3614698063489088,1.3517570657954117,1.3702484827631192,1.364386557944021,1.3477712965568092,1.348563319044987,1.3392574075307004,1.350155656329499,1.3504820318305075,1.3562792441348022,1.366780470752248,1.3669869905772967,1.3555761855992794,1.3498037841725694,1.3603998829615926,1.3713271065918136,1.359662699857964,1.3510251413819034,1.3450229937877254,1.3538188208795339,1.3600887806676,1.3675910627479508,1.3617158635841848,1.3480778980151282,1.3552978062596175,1.3631945787697648,1.3576858486760832,1.362991673976791,1.3627622572397857,1.3591449607738466,1.3656916437709035,1.368892520383165,1.3587233523679474,1.3644840289340212,1.3727552419181606,1.3786117658917385,1.3811161996644736,1.3810147503546994,1.3833590643139442,1.3800025701461776,1.3700097708725378,1.37176782381572,1.370714325296464,1.3754767232486609,1.3790937242196029,1.3775320259083539,1.3369985939106277,1.3293556015384982,1.3456426959047085,1.3556936433245468,1.3521935151420683,1.356221926535792,1.3648793613963826,1.365671200095047,1.3741902799302899,1.3713333207911207,1.3732857318244156,1.3759584475794686,1.380548221191958,1.3750262456008617,1.3798932517370799,1.37809803538281,1.37870854991311,1.3840195614099586,1.3834949020919274,1.3840847771549483,1.3704246461489635,1.3725923942974108,1.3738477605120627,1.3828331755763912,1.3942358246403392,1.3843891007906748,1.3800590829804562,1.375168776156185,1.386755191524301,1.3852772464783458,1.3910473807440675,1.3836096418667296],